Year,Month,Community,Total Complaints,Total Number of Callers
2018,2,San Leandro,1,1
2018,4,San Carlos,64,2
2018,6,El Granada,475,1
2018,4,Santa Clara,15,1
2018,8,Los Altos,25681,163
2018,6,Palo Alto,48093,239
2018,7,Aptos,812,11
2018,3,Watsonville,175,1
2018,7,Brookdale,4,1
2018,3,Los Altos Hills,9153,35
2018,5,Ben Lomond,630,10
2018,7,El Sobrante,2,1
2018,2,Alameda,10,1
2018,6,Burlingame,148,15
2018,7,Orinda,40,3
2018,2,Menlo Park,1947,25
2018,2,Portola Valley,7005,40
2018,6,Ben Lomond,162,9
2018,7,Boulder Creek,532,10
2018,3,Albany,1,1
2018,2,Santa Clara,1,1
2018,7,Ben Lomond,288,8
2018,1,Foster City,476,10
2018,5,Woodside,2819,12
2018,2,Morgan Hill,763,2
2018,4,Oakland,8498,48
2018,3,Los Gatos,22822,153
2018,1,Santa Cruz,22743,129
2018,3,Saratoga,846,9
2018,1,Daly City,1485,9
2018,5,Cupertino,299,2
2018,8,Burlingame,577,34
2018,6,San Jose,39,2
2018,8,Mountain View,4323,59
2018,3,Half Moon Bay,399,10
2018,8,Daly City,1435,7
2018,8,Pinole,689,2
2018,4,Saratoga,944,9
2018,8,Bonny Doon,157,3
2018,3,Daly City,2484,10
2018,7,Belmont,669,6
2018,7,San Bruno,784,4
2018,1,Saratoga,1045,10
2018,8,Portola Valley,5086,38
2018,2,Redwood City,1861,14
2018,2,San Mateo,676,19
2018,1,Menlo Park,2061,27
2018,4,Burlingame,211,9
2018,2,Brisbane,2939,32
2018,7,Palo Alto,51852,226
2018,7,San Carlos,32,3
2018,5,Soquel,9992,92
2018,2,Burlingame,576,7
2018,1,Mountain View,7031,57
2018,3,Castro Valley,10,1
2018,6,Carmel,143,5
2018,3,Millbrae,52,6
2018,6,Brisbane,2255,28
2018,5,Daly City,2275,9
2018,4,Cupertino,165,3
2018,7,Burlingame,341,37
2018,7,Richmond,82,1
2018,5,San Leandro,6,2
2018,3,Sunnyvale,1077,13
2018,7,San Mateo,1327,31
2018,5,Brookdale,6,1
2018,4,Palo Alto,57205,239
2018,1,Soquel,8291,87
2018,6,San Mateo,1220,21
2018,7,Los Gatos,29451,151
2018,2,Oakland,7228,28
2018,7,Capitola,4725,23
2018,8,Menlo Park,1951,23
2018,7,Soquel,11737,89
2018,8,Saratoga,793,10
2018,8,San Bruno,581,10
2018,3,Moraga,390,3
2018,3,Morgan Hill,345,2
2018,6,Millbrae,4,3
2018,1,Sunnyvale,885,13
2018,1,East Palo Alto,8,2
2018,6,Foster City,449,8
2018,8,Santa Cruz,22449,138
2018,7,Portola Valley,7184,40
2018,2,Sunnyvale,574,11
2018,3,El Granada,201,4
2018,6,Saratoga,702,9
2018,7,El Granada,741,2
2018,8,Boulder Creek,273,9
2018,8,Oakland,7478,29
2018,4,Brookdale,3,1
2018,8,Berkeley,362,5
2018,7,Brisbane,2025,23
2018,1,Watsonville,212,1
2018,2,Capitola,382,14
2018,7,Lafayette,336,1
2018,2,Foster City,340,5
2018,2,Boulder Creek,1395,30
2018,5,Mountain View,6629,60
2018,4,Bonny Doon,104,4
2018,4,Redwood City,1465,18
2018,6,Fremont,24,1
2018,2,South San Francisco,308,8
2018,3,Bonny Doon,189,4
2018,5,Richmond,8,1
2018,6,Portola Valley,6672,41
2018,5,Moraga,208,2
2018,8,El Granada,543,2
2018,3,Mountain View,7170,67
2018,6,Moraga,189,2
2018,5,Aptos,732,14
2018,4,Watsonville,222,1
2018,5,Capitola,4420,23
2018,6,Hillsborough,97,9
2018,6,Hayward,2,2
2018,1,Los Gatos,21395,154
2018,6,San Francisco,3736,37
2018,8,Millbrae,26,10
2018,3,Berkeley,66,5
2018,7,Morgan Hill,55,2
2018,3,San Francisco,4986,44
2018,5,El Cerrito,1,1
2018,2,Cupertino,163,3
2018,5,Santa Cruz,25117,154
2018,2,Woodside,1120,12
2018,5,Santa Clara,22,1
2018,5,Sunnyvale,607,15
2018,7,Sunnyvale,191,7
2018,4,Boulder Creek,805,17
2018,3,Oakland,9391,42
2018,1,San Jose,86,1
2018,3,Pacifica,6480,61
2018,5,Half Moon Bay,522,6
2018,8,Brookdale,4,1
2018,2,Orinda,419,1
2018,3,Foster City,278,8
2018,7,Foster City,142,12
2018,7,Carmel,588,3
2018,5,Los Gatos,26987,148
2018,5,Belmont,770,6
2018,7,Alameda,24,5
2018,6,Boulder Creek,389,8
2018,7,Woodside,1538,15
2018,7,Menlo Park,1952,19
2018,4,Carmel,366,4
2018,8,Foster City,112,14
2018,6,Brookdale,1,1
2018,8,Ben Lomond,168,10
2018,4,Portola Valley,7702,39
2018,5,Watsonville,260,1
2018,8,Hillsborough,202,18
2018,6,Bonny Doon,167,4
2018,2,Scotts Valley,5971,92
2018,3,Santa Cruz,24142,159
2018,2,San Francisco,3302,35
2018,3,Soquel,9420,100
2018,7,Mountain View,4281,56
2018,7,Felton,1525,17
2018,6,Redwood City,1595,15
2018,4,South San Francisco,97,8
2018,8,San Francisco,3283,35
2018,6,Felton,1139,14
2018,3,Atherton,853,8
2018,7,Hillsborough,138,11
2018,1,San Bruno,295,11
2018,8,Los Gatos,22524,154
2018,1,Bonny Doon,75,2
2018,2,Castro Valley,24,1
2018,7,Piedmont,2,1
2018,7,East Palo Alto,5,1
2018,2,Fremont,34,1
2018,1,Redwood City,2188,12
2018,1,Berkeley,78,5
2018,4,San Mateo,1160,9
2018,4,Moraga,594,2
2018,4,San Leandro,188,1
2018,2,Mount Hermon,1,1
2018,1,Brisbane,3595,38
2018,2,Atherton,481,5
2018,2,Moraga,378,1
2018,4,San Francisco,5474,41
2018,6,Lafayette,494,1
2018,1,Half Moon Bay,573,4
2018,7,Hayward,5,1
2018,1,Burlingame,435,3
2018,2,Soquel,1454,67
2018,8,Woodside,1367,13
2018,7,Millbrae,10,3
2018,7,Los Altos Hills,9651,36
2018,2,Brookdale,18,2
2018,1,Belmont,911,7
2018,4,Morgan Hill,643,2
2018,6,Atherton,939,5
2018,7,Oakland,8707,38
2018,2,East Palo Alto,49,2
2018,8,Aptos,526,13
2018,5,San Jose,14,1
2018,2,Los Altos,20392,155
2018,3,South San Francisco,436,13
2018,5,Millbrae,2,1
2018,5,Scotts Valley,14511,92
2018,4,Ben Lomond,445,13
2018,4,Sunnyvale,205,11
2018,2,Ben Lomond,589,20
2018,5,Fremont,30,1
2018,5,Palo Alto,56735,253
2018,8,Belmont,410,8
2018,1,Felton,698,11
2018,4,Felton,892,21
2018,7,Berkeley,306,4
2018,6,Morgan Hill,138,2
2018,2,Belmont,882,8
2018,5,San Mateo,1393,11
2018,3,Santa Clara,37,1
2018,8,Watsonville,273,1
2018,3,Brisbane,3669,30
2018,6,El Cerrito,2,2
2018,3,Portola Valley,7497,40
2018,6,Cupertino,599,2
2018,1,South San Francisco,943,13
2018,4,Fremont,28,1
2018,8,Richmond,21,1
2018,8,Union City,53,1
2018,1,Los Altos Hills,8471,27
2018,2,Hayward,11,2
2018,3,Lafayette,442,1
2018,4,Belmont,749,5
2018,8,Moraga,117,3
2018,4,Woodside,1637,12
2018,3,San Bruno,350,10
2018,1,Woodside,1305,14
2018,1,Carmel,213,2
2018,5,South San Francisco,85,17
2018,6,East Palo Alto,24,2
2018,2,Sacramento,2,2
2018,7,Moraga,177,3
2018,6,Berkeley,170,4
2018,7,Cupertino,496,2
2018,8,Capitola,2663,25
2018,3,Brookdale,16,2
2018,5,Lafayette,175,1
2018,6,Pacifica,5024,45
2018,1,San Mateo,534,9
2018,7,Bonny Doon,201,4
2018,1,Fremont,39,2
2018,2,Carmel,91,2
2018,4,Los Gatos,28141,154
2018,1,Orinda,294,1
2018,8,Cupertino,363,1
2018,7,Daly City,692,6
2018,5,Portola Valley,10406,43
2018,6,Aptos,325,12
2018,2,Mountain View,7470,60
2018,6,Daly City,1185,10
2018,2,Berkeley,9,2
2018,7,San Francisco,3342,31
2018,1,Palo Alto,57543,232
2018,5,Atherton,515,7
2018,1,Hayward,1,1
2018,3,Menlo Park,2595,29
2018,5,Los Altos,27988,190
2018,8,Orinda,30,1
2018,3,Mount Hermon,2,1
2018,5,Carmel,286,4
2018,8,San Jose,11,2
2018,3,Los Altos,28338,186
2018,3,Alameda,33,3
2018,8,Atherton,598,6
2018,3,La Selva Beach,34,1
2018,4,Soquel,9857,97
2018,7,Pacifica,4943,46
2018,6,Los Gatos,19068,145
2018,4,Hayward,1,1
2018,8,Fremont,12,2
2018,4,Foster City,603,11
2018,1,Millbrae,3,3
2018,1,Lafayette,29,1
2018,6,Soquel,6139,86
2018,4,San Bruno,492,6
2018,7,Redwood City,1725,13
2018,8,San Mateo,1026,23
2018,8,San Carlos,128,2
2018,1,Portola Valley,6905,37
2018,6,Alameda,31,1
2018,8,Brisbane,2620,23
2018,1,Moraga,339,1
2018,4,Half Moon Bay,1000,8
2018,1,Ben Lomond,165,4
2018,4,El Granada,222,3
2018,3,San Jose,92,1
2018,7,Atherton,988,5
2018,4,Los Altos Hills,8961,32
2018,2,Watsonville,179,1
2018,6,Castro Valley,7,1
2018,3,Felton,1558,40
2018,1,Boulder Creek,168,5
2018,5,Alameda,40,1
2018,2,San Bruno,459,6
2018,3,Carmel,112,2
2018,8,Alameda,10,1
2018,7,Los Altos,23589,176
2018,5,Pacifica,8581,60
2018,5,Foster City,587,10
2018,8,Redwood City,1619,16
2018,1,Los Altos,26840,172
2018,6,Capitola,2666,20
2018,2,San Carlos,7,2
2018,4,Los Altos,28287,180
2018,2,Bonny Doon,199,2
2018,1,El Granada,2,1
2018,8,Pacifica,4203,32
2018,1,Scotts Valley,12824,78
2018,3,Scotts Valley,13259,95
2018,5,Redwood City,2415,14
2018,8,Soquel,8576,85
2018,5,Hillsborough,6,5
2018,8,Los Altos Hills,9801,31
2018,2,Daly City,1012,9
2018,5,Berkeley,952,6
2018,2,Aptos,240,17
2018,8,East Palo Alto,12,3
2018,3,Boulder Creek,1582,28
2018,4,Capitola,4060,23
2018,5,Oakland,8258,37
2018,3,Woodside,1234,13
2018,1,Oakland,9621,30
2018,8,Scotts Valley,13778,79
2018,5,San Bruno,257,8
2018,4,Mountain View,5285,60
2018,6,Mountain View,5634,70
2018,7,Fremont,16,1
2018,5,San Francisco,5855,39
2018,1,San Francisco,5408,39
2018,3,Redwood City,1832,16
2018,2,Half Moon Bay,535,6
2018,3,Fremont,25,2
2018,1,Capitola,2762,22
2018,5,El Granada,730,2
2018,6,Los Altos,24241,173
2018,3,Burlingame,620,11
2018,2,La Selva Beach,6,1
2018,4,Berkeley,49,6
2018,3,Aptos,1044,16
2018,7,South San Francisco,28,9
2018,3,San Carlos,15,3
2018,2,Palo Alto,46250,227
2018,3,Ben Lomond,687,22
2018,1,San Carlos,3,2
2018,4,Hillsborough,2,1
2018,7,Santa Cruz,27440,140
2018,2,Saratoga,338,8
2018,8,Felton,1059,15
2018,8,Sunnyvale,277,9
2018,4,Richmond,1,1
2018,1,Pacifica,7047,53
2018,8,Half Moon Bay,133,4
2018,6,El Sobrante,2,1
2018,5,Saratoga,935,9
2018,6,San Carlos,3,2
2018,4,Atherton,707,7
2018,1,Aptos,966,13
2018,6,Belmont,630,4
2018,7,Pinole,1,1
2018,4,Brisbane,3897,30
2018,6,Orinda,103,1
2018,6,South San Francisco,62,12
2018,6,Sunnyvale,573,13
2018,4,East Palo Alto,68,2
2018,4,Alameda,13,1
2018,3,Belmont,879,7
2018,6,Santa Cruz,15715,131
2018,6,Half Moon Bay,259,9
2018,4,Millbrae,3,3
2018,4,San Jose,24,1
2018,7,Half Moon Bay,382,9
2018,2,Los Altos Hills,10944,36
2018,2,Albany,1,1
2018,6,Oakland,7178,29
2018,7,Watsonville,261,1
2018,4,Aptos,1005,15
2018,3,Piedmont,5,1
2018,2,Santa Cruz,8725,163
2018,6,San Bruno,423,6
2018,3,Orinda,643,1
2018,3,San Mateo,866,14
2018,5,Menlo Park,1771,28
2018,8,Palo Alto,53751,226
2018,5,San Carlos,22,2
2018,6,Woodside,1356,12
2018,8,Carmel,225,3
2018,2,El Granada,106,1
2018,7,Saratoga,770,9
2018,5,El Sobrante,8,1
2018,5,Orinda,228,1
2018,6,Los Altos Hills,9129,32
2018,1,Alameda,3,2
2018,4,Scotts Valley,15159,92
2018,1,Morgan Hill,720,2
2018,8,La Selva Beach,34,1
2018,1,Cupertino,939,3
2018,5,Los Altos Hills,9146,34
2018,4,Santa Cruz,25475,159
2018,3,Cupertino,1081,3
2018,4,Lafayette,144,2
2018,6,Watsonville,194,2
2018,2,San Jose,18,2
2018,1,Atherton,511,8
2018,2,Los Gatos,11018,143
2018,4,Pacifica,7194,61
2018,5,Brisbane,2893,33
2018,6,Menlo Park,1787,20
2018,3,Capitola,3460,26
2018,6,Richmond,52,1
2018,4,Daly City,1255,8
2018,5,Felton,1252,26
2018,8,Lafayette,2,1
2018,5,Boulder Creek,860,17
2018,5,Burlingame,132,6
2018,5,Morgan Hill,292,2
2018,8,Morgan Hill,72,2
2018,2,Pacifica,6753,53
2018,5,Bonny Doon,261,4
2018,7,San Jose,25,4
2018,4,Menlo Park,2069,24
2018,5,East Palo Alto,35,3
2018,2,Felton,4300,64
2018,3,East Palo Alto,27,2
2018,4,Orinda,192,1
2018,8,South San Francisco,105,16
2018,2,Millbrae,5,5
2018,2,Lafayette,202,2
2018,6,Scotts Valley,9469,82
2018,3,Palo Alto,57528,244
2018,1,Brookdale,4,1
2018,7,Scotts Valley,16900,82
2017,9,Scotts Valley,16588,98
2017,12,Daly City,6,575
2017,12,Fremont,1,29
2017,12,Union City,1,92
2017,12,Brisbane,28,2894
2017,12,San Mateo,13,333
2017,12,Bonny Doon,2,24
2017,12,Los Altos,169,16843
2017,12,Morgan Hill,2,731
2017,12,Boulder Creek,3,63
2017,12,Felton,10,253
2017,12,Cupertino,1,184
2017,12,Foster City,7,260
2017,12,Menlo Park,22,1728
2017,12,Oakland,27,6015
2017,12,Half Moon Bay,3,433
2017,12,Hayward,1,2
2017,12,Scotts Valley,77,9090
2017,12,Alameda,1,2
2017,12,Millbrae,4,11
2017,12,Pacifica,42,3965
2017,12,South San Francisco,9,313
2017,12,Ben Lomond,2,37
2017,12,Mountain View,47,11065
2017,12,Woodside,11,601
2017,12,Watsonville,1,155
2017,12,Lafayette,1,110
2017,12,Redwood City,12,1593
2017,12,Atherton,5,419
2017,12,Carmel,2,73
2017,12,San Francisco,33,3044
2017,12,Orinda,1,289
2017,12,East Palo Alto,2,14
2017,12,Burlingame,7,762
2017,12,San Jose,1,5
2017,12,Hillsborough,1,1
2017,12,Belmont,5,653
2017,12,Sunnyvale,12,101
2017,12,Palo Alto,213,40859
2017,12,Soquel,84,5132
2017,12,Aptos,12,493
2017,12,Santa Cruz,125,14879
2017,12,Los Altos Hills,25,7159
2017,12,Portola Valley,33,5507
2017,12,Los Gatos,147,15703
2017,12,Capitola,16,1684
2017,12,Moraga,1,120
2017,12,Saratoga,9,853
2017,12,San Bruno,4,83
2017,12,Berkeley,1,6
2017,6,Brisbane,4045,41
2017,4,Berkeley,543,6
2017,8,Brisbane,2641,43
2017,5,San Bruno,69,4
2017,1,Palo Alto,50447,298
2017,9,San Leandro,7,2
2017,1,Brentwood,40,1
2017,3,Belmont,1682,7
2017,9,Menlo Park,2170,27
2017,1,Scotts Valley,8312,83
2017,8,Mill Valley,1,1
2017,11,Morgan Hill,842,2
2017,4,Pacifica,7589,58
2017,5,Capitola,2860,21
2017,7,Los Altos Hills,7857,40
2017,9,San Carlos,77,4
2017,2,Felton,257,9
2017,1,Hillsborough,125,20
2017,3,Scotts Valley,15012,91
2017,10,Lafayette,234,1
2017,1,East Palo Alto,12,3
2017,8,East Palo Alto,10,2
2017,1,Lafayette,1,1
2017,5,Monte Sereno,142,1
2017,11,Santa Clara,8,1
2017,7,San Jose,13,1
2017,9,Bonny Doon,165,5
2017,9,San Geronimo,1,1
2017,10,Ben Lomond,62,2
2017,10,Millbrae,86,6
2017,11,Daly City,1758,10
2017,7,Sunnyvale,519,20
2017,10,San Carlos,211,3
2017,1,Belvedere-Tiburon,1,1
2017,11,Saratoga,827,12
2017,3,Cupertino,1540,5
2017,4,Half Moon Bay,555,10
2017,10,San Bruno,305,5
2017,9,Martinez,1,1
2017,2,El Cerrito,1,1
2017,7,Menlo Park,2046,27
2017,11,Scotts Valley,13083,86
2017,6,Belmont,1130,5
2017,11,San Francisco,5451,48
2017,5,Los Gatos,33275,163
2017,9,Saratoga,1642,12
2017,4,Soquel,9172,91
2017,5,Saratoga,883,11
2017,11,Aptos,1342,17
2017,4,San Francisco,2494,50
2017,4,Hillsborough,4,2
2017,6,San Francisco,4108,48
2017,11,San Mateo,377,14
2017,7,Saratoga,1270,13
2017,3,Menlo Park,4831,41
2017,10,Belmont,544,3
2017,1,San Mateo,3199,37
2017,7,Santa Cruz,25395,139
2017,10,Sunnyvale,382,17
2017,1,Ben Lomond,77,2
2017,7,Watsonville,231,1
2017,10,Scotts Valley,9192,89
2017,7,Brisbane,3081,43
2017,6,Moraga,294,2
2017,8,Portola Valley,10640,59
2017,1,Moraga,5,2
2017,4,Brentwood,1,1
2017,3,Moraga,236,3
2017,8,Brookdale,4,1
2017,2,East Palo Alto,18,4
2017,3,Los Gatos,32216,154
2017,10,San Jose,10,3
2017,1,Pacifica,9545,63
2017,11,Felton,344,10
2017,6,San Jose,26,1
2017,7,Fremont,21,1
2017,2,Boulder Creek,61,4
2017,8,Daly City,1993,7
2017,8,Santa Cruz,25935,148
2017,3,Oakland,13848,62
2017,7,East Palo Alto,180,3
2017,2,Daly City,2772,15
2017,11,Belmont,1150,5
2017,2,San Leandro,129,1
2017,2,Capitola,2017,20
2017,11,Los Gatos,26243,168
2017,3,Watsonville,205,2
2017,8,Mountain View,6500,66
2017,9,Aptos,1621,17
2017,1,Saratoga,1228,18
2017,11,Capitola,2659,19
2017,6,Ben Lomond,131,4
2017,7,Boulder Creek,198,4
2017,1,San Carlos,52,6
2017,4,Lafayette,160,2
2017,8,Los Gatos,36597,181
2017,9,San Mateo,943,17
2017,8,Burlingame,1247,24
2017,5,Watsonville,191,1
2017,7,Belmont,596,3
2017,10,Boulder Creek,78,5
2017,10,Los Altos Hills,7870,30
2017,6,Burlingame,165,8
2017,11,Carmel Valley,209,2
2017,6,Carmel Valley,228,2
2017,5,Lafayette,64,2
2017,9,Lafayette,397,1
2017,2,Los Gatos,14770,143
2017,4,Atherton,250,7
2017,3,Berkeley,343,8
2017,1,Carmel Valley,213,1
2017,2,Richmond,358,1
2017,5,Palo Alto,58725,288
2017,5,Los Altos,30881,241
2017,11,Lafayette,32,1
2017,4,San Bruno,7,2
2017,9,Hillsborough,43,4
2017,2,Half Moon Bay,551,10
2017,2,Los Altos Hills,6343,37
2017,2,Saratoga,1134,15
2017,2,Oakland,10455,69
2017,5,Belmont,1419,5
2017,4,Cupertino,1470,6
2017,4,Woodside,1733,23
2017,3,San Francisco,3885,64
2017,8,San Mateo,1189,22
2017,8,Watsonville,250,1
2017,10,Atherton,452,7
2017,2,Moraga,4,2
2017,1,San Jose,1227,2
2017,3,Foster City,880,13
2017,6,Millbrae,6,3
2017,1,Fremont,10,1
2017,4,East Palo Alto,32,2
2017,11,Oakland,11370,38
2017,1,Aptos,418,11
2017,1,Morgan Hill,336,2
2017,11,Richmond,1,1
2017,11,Half Moon Bay,649,5
2017,5,San Jose,48,5
2017,4,Mountain View,12738,82
2017,10,Redwood City,1607,14
2017,11,Los Altos,29854,209
2017,8,Redwood City,3606,21
2017,9,Alameda,45,3
2017,1,Sunnyvale,4187,49
2017,1,Foster City,669,14
2017,3,Woodside,1664,24
2017,9,Burlingame,1364,12
2017,11,San Jose,57,3
2017,9,Brookdale,4,1
2017,9,Orinda,499,1
2017,7,Woodside,2184,25
2017,6,Foster City,826,13
2017,9,Watsonville,207,1
2017,2,Santa Clara,3,2
2017,1,Los Altos Hills,8405,39
2017,1,Boulder Creek,127,4
2017,2,Watsonville,86,3
2017,1,Colma,24,1
2017,6,Oakland,11742,49
2017,3,Hillsborough,2,2
2017,9,Redwood City,2144,18
2017,10,Aptos,440,13
2017,8,Palo Alto,62459,299
2017,4,Brisbane,5462,45
2017,5,Soquel,8080,94
2017,8,Morgan Hill,951,2
2017,4,Carmel Valley,203,2
2017,4,Moraga,393,2
2017,11,Palo Alto,60552,259
2017,8,Oakland,10983,39
2017,10,Oakland,8796,36
2017,6,Redwood City,1690,15
2017,3,San Mateo,1120,15
2017,11,Berkeley,80,5
2017,8,Fremont,15,1
2017,11,Piedmont,10,3
2017,5,Santa Cruz,23092,139
2017,8,Soquel,10120,86
2017,10,South San Francisco,237,9
2017,11,East Palo Alto,9,2
2017,6,Soquel,7478,89
2017,9,Napa,1,1
2017,11,Boulder Creek,125,5
2017,8,Atherton,517,9
2017,7,Portola Valley,7655,48
2017,7,Moraga,245,1
2017,3,Piedmont,126,2
2017,4,Los Altos,38305,250
2017,4,Santa Cruz,23738,135
2017,9,Pacifica,9574,66
2017,10,Hayward,14,3
2017,7,Soquel,7007,85
2017,1,San Bruno,11,7
2017,3,San Jose,144,6
2017,1,Mount Hermon,1,1
2017,10,Los Altos,20430,184
2017,11,Ben Lomond,136,3
2017,5,Millbrae,2,1
2017,9,Oakland,9904,45
2017,5,Berkeley,410,2
2017,8,Aptos,1262,19
2017,6,Watsonville,160,1
2017,2,Cupertino,1113,4
2017,7,Mountain View,4562,64
2017,7,Lafayette,2,1
2017,5,Burlingame,66,11
2017,6,San Mateo,1470,15
2017,4,Menlo Park,3061,37
2017,3,Brisbane,6264,53
2017,1,Redwood City,1846,23
2017,11,Santa Cruz,27772,142
2017,2,Mount Hermon,1,1
2017,2,Belmont,620,8
2017,6,Los Gatos,26198,158
2017,6,South San Francisco,831,14
2017,7,Cupertino,279,2
2017,6,Sunnyvale,430,24
2017,3,San Bruno,4,4
2017,1,Kensington,1,1
2017,2,Campbell,4,1
2017,1,Portola Valley,8131,55
2017,9,Morgan Hill,720,2
2017,2,Alameda,74,5
2017,2,Portola Valley,6396,53
2017,6,Portola Valley,6603,54
2017,11,Hillsborough,3,2
2017,3,San Pablo,2,1
2017,8,Felton,553,10
2017,3,San Leandro,12,1
2017,2,Carmel Valley,157,1
2017,5,Los Altos Hills,9924,43
2017,6,El Cerrito,1,1
2017,3,Fremont,801,4
2017,3,Millbrae,11,3
2017,7,Carmel Valley,320,2
2017,6,Daly City,1342,11
2017,9,South San Francisco,629,20
2017,6,Boulder Creek,292,7
2017,1,Capitola,1945,17
2017,1,Cupertino,2372,3
2017,3,Lafayette,312,3
2017,8,San Bruno,1242,8
2017,8,Lafayette,176,1
2017,1,Felton,195,11
2017,7,Foster City,587,11
2017,7,Palo Alto,53126,273
2017,5,Fremont,265,4
2017,2,Los Altos,24472,237
2017,3,Daly City,3573,16
2017,8,Alameda,61,2
2017,6,Menlo Park,1708,36
2017,11,Menlo Park,2360,28
2017,11,Portola Valley,5999,40
2017,6,Mountain View,4686,71
2017,5,Alameda,32,2
2017,9,Half Moon Bay,657,12
2017,9,Ben Lomond,260,3
2017,9,Soquel,10607,90
2017,3,Half Moon Bay,412,7
2017,2,Woodside,1030,22
2017,5,Redwood City,2086,23
2017,10,Saratoga,1126,11
2017,9,Millbrae,9,1
2017,11,Orinda,663,1
2017,8,Hayward,80,1
2017,10,Santa Cruz,16305,122
2017,9,East Palo Alto,25,3
2017,6,Danville,4,1
2017,2,Brentwood,74,1
2017,10,Orinda,232,1
2017,6,Los Altos,29576,235
2017,10,Cupertino,51,2
2017,4,San Leandro,2,1
2017,6,Atherton,575,11
2017,7,Orinda,348,1
2017,2,Aptos,538,11
2017,5,Piedmont,1,1
2017,7,Alameda,49,3
2017,2,Foster City,704,15
2017,4,Portola Valley,9997,61
2017,3,San Carlos,2,2
2017,4,Morgan Hill,535,2
2017,10,Soquel,4965,79
2017,5,Atherton,463,11
2017,3,East Palo Alto,36,3
2017,4,Los Altos Hills,11344,39
2017,3,Boulder Creek,132,8
2017,9,Mountain View,5448,69
2017,2,San Pablo,1,1
2017,1,La Selva Beach,26,2
2017,11,Pacifica,6480,58
2017,10,San Mateo,326,17
2017,9,Sunnyvale,697,22
2017,10,Antioch,2,1
2017,7,San Francisco,2941,38
2017,10,Portola Valley,5961,47
2017,10,Pacifica,5625,61
2017,9,Boulder Creek,260,5
2017,9,San Francisco,6429,41
2017,1,Alameda,98,4
2017,11,Soquel,10656,98
2017,6,Morgan Hill,637,2
2017,1,Santa Cruz,15198,116
2017,5,Aptos,628,12
2017,4,Watsonville,217,2
2017,10,Morgan Hill,1064,2
2017,2,Ben Lomond,16,2
2017,11,Fremont,9,1
2017,10,Half Moon Bay,367,6
2017,4,San Mateo,1458,15
2017,7,Millbrae,41,4
2017,1,San Francisco,3145,52
2017,4,Santa Clara,1,1
2017,5,Half Moon Bay,186,11
2017,11,Woodside,1179,14
2017,8,San Francisco,3701,40
2017,9,Capitola,2653,15
2017,7,Los Gatos,29127,167
2017,9,Cupertino,424,3
2017,4,Foster City,957,14
2017,2,Menlo Park,4288,45
2017,7,Redwood City,2252,15
2017,10,Mountain View,3238,51
2017,2,Millbrae,139,10
2017,2,San Gregorio,1,1
2017,10,Hillsborough,48,1
2017,5,Portola Valley,9487,55
2017,8,Berkeley,17,2
2017,4,South San Francisco,855,19
2017,4,Fremont,573,4
2017,2,San Francisco,2616,54
2017,7,Capitola,2742,20
2017,7,Daly City,1762,9
2017,11,Sunnyvale,1414,34
2017,7,South San Francisco,1484,41
2017,11,Union City,382,1
2017,5,Ben Lomond,141,3
2017,6,Capitola,2986,17
2017,6,Cupertino,816,3
2017,10,East Palo Alto,39,3
2017,9,Castro Valley,2,2
2017,4,Ben Lomond,113,3
2017,5,Moraga,285,2
2017,1,Atherton,194,8
2017,9,Moraga,557,2
2017,11,San Bruno,161,8
2017,10,Woodside,822,11
2017,7,Scotts Valley,16604,88
2017,4,Alameda,18,2
2017,5,South San Francisco,1268,24
2017,1,South San Francisco,1508,28
2017,4,Boulder Creek,321,6
2017,8,Millbrae,56,6
2017,8,Los Altos Hills,9940,38
2017,6,Saratoga,1212,15
2017,3,Mountain View,9568,82
2017,6,Aptos,663,10
2017,1,Burlingame,322,49
2017,3,Soquel,10136,96
2017,7,Half Moon Bay,559,7
2017,5,La Selva Beach,40,1
2017,11,Bonny Doon,72,4
2017,2,Pacifica,8060,63
2017,3,Capitola,3303,18
2017,3,Saratoga,1679,16
2017,11,Brentwood,1,1
2017,10,San Francisco,4661,40
2017,10,Felton,275,9
2017,6,Pacifica,6729,75
2017,3,Carmel Valley,175,1
2017,6,Hillsborough,52,4
2017,4,Burlingame,115,10
2017,1,Oakland,9362,34
2017,8,San Jose,23,4
2017,9,Los Altos Hills,9003,34
2017,9,Berkeley,52,6
2017,7,Ben Lomond,122,2
2017,8,Half Moon Bay,571,9
2017,5,Morgan Hill,481,2
2017,3,Atherton,220,7
2017,5,Sunnyvale,1146,34
2017,10,Foster City,427,13
2017,10,Fremont,17,2
2017,4,Piedmont,38,1
2017,8,La Selva Beach,3,1
2017,10,Alameda,13,2
2017,6,Scotts Valley,15145,92
2017,4,Scotts Valley,12858,86
2017,3,Pacifica,9435,64
2017,1,Los Gatos,18244,153
2017,3,Sunnyvale,1287,28
2017,6,Alameda,47,3
2017,10,Los Gatos,18475,157
2017,10,Carmel Valley,92,2
2017,9,Los Gatos,30034,175
2017,4,El Sobrante,2,1
2017,2,Fremont,182,3
2017,2,Lafayette,248,4
2017,5,Santa Clara,19,1
2017,7,Aptos,751,12
2017,6,Point Richmond,1,1
2017,2,Atherton,262,6
2017,1,Soquel,4923,82
2017,5,Woodside,1518,23
2017,3,Ben Lomond,39,4
2017,9,Carmel Valley,279,3
2017,2,San Carlos,10,4
2017,9,San Ramon,1,1
2017,7,Los Altos,25654,211
2017,2,South San Francisco,919,24
2017,2,Piedmont,23,5
2017,4,Sunnyvale,823,24
2017,9,Felton,725,8
2017,9,San Lorenzo,1,1
2017,8,Orinda,451,2
2017,5,Daly City,2272,14
2017,5,San Carlos,12,5
2017,1,San Leandro,15,1
2017,5,Pacifica,8900,64
2017,2,Mountain View,11000,111
2017,5,Scotts Valley,14795,95
2017,4,Aptos,803,10
2017,10,Daly City,2146,11
2017,1,Woodside,1434,23
2017,2,Scotts Valley,7996,87
2017,11,Cupertino,819,3
2017,7,Oakland,11054,43
2017,7,San Carlos,8,2
2017,8,Moraga,143,1
2017,7,Pinole,1,1
2017,11,Moraga,325,1
2017,11,Alameda,22,1
2017,2,Berkeley,73,5
2017,9,Palo Alto,57474,296
2017,2,Morgan Hill,412,2
2017,9,San Jose,57,4
2017,2,Sunnyvale,3928,42
2017,4,Los Gatos,27325,163
2017,1,Half Moon Bay,631,11
2017,8,Belmont,901,3
2017,4,Belmont,1485,3
2017,1,Daly City,1513,12
2017,8,Saratoga,1697,16
2017,3,Union City,2,1
2017,6,Woodside,1665,26
2017,3,Aptos,357,10
2017,6,Santa Cruz,21162,144
2017,11,Redwood City,2045,20
2017,5,Orinda,438,1
2017,3,Los Altos Hills,10369,38
2017,7,San Bruno,518,12
2017,1,Richmond,177,1
2017,9,Woodside,1732,18
2017,8,San Carlos,7,4
2017,3,Los Altos,36711,239
2017,3,Morgan Hill,540,3
2017,11,Mountain View,13201,96
2017,1,Corte Madera,4,1
2017,2,Soquel,5105,91
2017,4,Felton,438,11
2017,11,South San Francisco,533,23
2017,10,Burlingame,1199,12
2017,10,Bonny Doon,47,2
2017,5,Boulder Creek,295,8
2017,8,Scotts Valley,19995,91
2017,8,Carmel Valley,377,3
2017,4,Millbrae,1,1
2017,2,Palo Alto,45954,289
2017,10,Watsonville,268,1
2017,4,San Carlos,1,1
2017,3,Richmond,178,1
2017,5,Mountain View,10068,90
2017,10,Capitola,1885,17
2017,3,Palo Alto,62865,310
2017,4,Monte Sereno,20,1
2017,2,San Jose,521,2
2017,7,Burlingame,510,29
2017,11,Watsonville,121,1
2017,5,Cupertino,1699,4
2017,3,El Cerrito,1,1
2017,3,Redwood City,1671,22
2017,9,Atherton,230,8
2017,10,Berkeley,21,4
2017,6,San Bruno,268,3
2017,6,East Palo Alto,107,2
2017,11,Foster City,498,12
2017,1,Los Altos,29209,241
2017,9,Belmont,716,4
2017,9,Pleasanton,5,3
2017,4,Palo Alto,54280,299
2017,6,San Carlos,2,2
2017,7,Morgan Hill,553,2
2017,7,Berkeley,66,1
2017,6,Felton,615,11
2017,9,Foster City,382,16
2017,1,Menlo Park,3722,43
2017,5,San Francisco,3986,49
2017,11,Hayward,51,2
2017,7,Bonny Doon,1,1
2017,8,South San Francisco,936,23
2017,7,San Mateo,707,20
2017,5,Carmel Valley,208,2
2017,10,Santa Clara,1,1
2017,6,Palo Alto,58507,295
2017,4,Oakland,11011,55
2017,5,Hillsborough,10,6
2017,8,Los Altos,32854,203
2017,10,Moraga,224,1
2017,11,Millbrae,15,6
2017,9,Santa Cruz,27031,148
2017,1,Berkeley,57,5
2017,2,San Mateo,1159,26
2017,2,San Bruno,3,3
2017,2,Hillsborough,63,8
2017,1,Brisbane,3858,49
2017,9,Hayward,692,15
2017,4,Saratoga,1177,12
2017,6,Los Altos Hills,9507,36
2017,3,Felton,754,12
2017,3,Alameda,36,4
2017,2,Brisbane,3759,53
2017,8,Menlo Park,2519,33
2017,8,Cupertino,506,2
2017,5,Oakland,11648,48
2017,8,Boulder Creek,302,7
2017,1,Millbrae,217,7
2017,8,Sunnyvale,635,16
2017,9,Piedmont,1,1
2017,3,South San Francisco,1213,21
2017,5,San Ramon,1,1
2017,7,Felton,522,10
2017,11,Los Altos Hills,9136,28
2017,4,San Jose,83,3
2017,8,Foster City,502,15
2017,2,Santa Cruz,15765,130
2017,6,Fremont,63,2
2017,11,San Carlos,23,3
2017,6,Half Moon Bay,397,9
2017,6,Novato,1,1
2017,9,Fremont,17,1
2017,7,Atherton,703,7
2017,6,Orinda,470,1
2017,6,Berkeley,53,3
2017,10,Palo Alto,46338,239
2017,10,Murphys,6,1
2017,8,Ben Lomond,158,4
2017,8,Hillsborough,87,10
2017,4,Redwood City,1770,20
2017,5,East Palo Alto,34,3
2017,4,Daly City,2990,17
2017,5,San Mateo,1384,15
2017,11,Brisbane,3962,42
2017,10,Menlo Park,1772,23
2017,1,Watsonville,4,1
2017,9,Portola Valley,9752,57
2017,2,Redwood City,2068,28
2017,4,Capitola,2861,22
2017,8,Bonny Doon,206,4
2017,9,Los Altos,29415,193
2017,9,Daly City,2942,11
2017,8,Woodside,2563,25
2017,5,Felton,635,13
2017,2,Burlingame,15,10
2017,4,Orinda,124,1
2017,5,Foster City,979,8
2017,5,Brisbane,4368,51
2017,9,San Bruno,630,6
2017,1,Belmont,357,8
2017,3,Burlingame,118,12
2017,8,Capitola,3359,20
2017,11,Burlingame,1190,5
2017,3,Brentwood,6,1
2017,3,Orinda,1,1
2017,11,Brookdale,3,1
2017,3,Santa Cruz,26212,140
2017,3,Portola Valley,8590,55
2017,1,Union City,1,1
2017,5,Menlo Park,2946,44
2017,11,Atherton,743,7
2017,8,Pescadero,18,1
2017,1,Mountain View,7023,64
2017,7,Hillsborough,46,7
2017,8,Pacifica,7708,55
2017,10,Brisbane,2828,38
2017,7,Pacifica,6408,70
2017,9,Brisbane,3760,44
2016,2,Chico,1,1
2016,3,Felton,1482,9
2016,5,Capitola,4388,39
2016,8,Moraga,148,1
2016,10,San Mateo,970,18
2016,2,Saratoga,1916,28
2016,9,Morgan Hill,332,3
2016,2,Alameda,4,2
2016,3,Daly City,1941,7
2016,1,Daly City,1687,6
2016,8,Sunnyvale,203,11
2016,12,Soquel,7406,101
2016,4,Boulder Creek,194,7
2016,8,Burlingame,227,16
2016,1,Pacifica,4299,78
2016,11,Atherton,440,8
2016,11,Aptos,304,11
2016,3,Castro Valley,4,1
2016,7,Foster City,894,23
2016,9,Moraga,177,1
2016,6,Burlingame,197,32
2016,1,Penngrove,1,1
2016,1,Aptos,478,9
2016,2,La Honda,6,1
2016,12,Felton,286,16
2016,4,Portola Valley,7890,64
2016,5,San Carlos,47,3
2016,2,Capitola,4563,46
2016,2,Scotts Valley,28828,109
2016,1,Los Gatos,40436,206
2016,9,Burlingame,537,16
2016,1,Alameda,5,3
2016,1,Santa Cruz,27210,154
2016,7,Campbell,1,1
2016,10,Menlo Park,5440,52
2016,3,San Leandro,53,2
2016,11,Mountain View,7148,82
2016,6,Soquel,9947,114
2016,9,Half Moon Bay,374,6
2016,6,Aptos,204,8
2016,3,San Bruno,6,3
2016,5,Lafayette,81,2
2016,3,Boulder Creek,114,8
2016,2,San Mateo,454,11
2016,4,Castro Valley,2,1
2016,4,Fremont,4,1
2016,9,Other Communities,,
2016,7,Scotts Valley,21141,115
2016,7,Millbrae,8,7
2016,12,Mountain View,6461,65
2016,2,San Carlos,9,5
2016,11,Carmel,554,1
2016,7,Aptos,288,8
2016,6,Sunnyvale,3,2
2016,2,Soquel,13776,136
2016,11,Redwood City,2826,21
2016,1,Belmont,7,4
2016,1,Saratoga,1930,20
2016,5,Carmel Valley,36,1
2016,7,San Francisco,6429,59
2016,11,Watsonville,120,3
2016,5,Alameda,78,4
2016,11,Morgan Hill,353,3
2016,1,Palo Alto,44932,289
2016,3,Menlo Park,3229,36
2016,5,Los Gatos,50110,234
2016,5,Ben Lomond,35,2
2016,5,Redwood City,3567,30
2016,10,Millbrae,11,7
2016,8,San Mateo,1525,24
2016,10,Santa Cruz,26887,163
2016,8,Watsonville,197,2
2016,4,Brisbane,4806,65
2016,2,Aptos,212,8
2016,11,Danville,1,1
2016,10,San Leandro,48,1
2016,1,Los Altos,29153,224
2016,6,Los Altos Hills,12304,65
2016,7,La Selva Beach,111,2
2016,10,Morgan Hill,349,3
2016,4,Menlo Park,4061,39
2016,7,South San Francisco,44,13
2016,5,Cupertino,1,1
2016,11,Daly City,5084,16
2016,6,South San Francisco,209,11
2016,12,South San Francisco,592,25
2016,2,Watsonville,42,1
2016,1,San Mateo,157,10
2016,5,La Selva Beach,174,2
2016,9,Brisbane,5619,55
2016,5,Fremont,8,1
2016,8,San Jose,4,3
2016,3,Los Altos,43428,264
2016,5,Oakland,7323,36
2016,12,Cupertino,1989,5
2016,3,Brisbane,4651,59
2016,5,San Jose,8,1
2016,8,La Selva Beach,70,2
2016,11,Moraga,93,2
2016,12,Berkeley,231,2
2016,12,Sunnyvale,3628,66
2016,11,Oakland,12732,40
2016,9,Oakland,9757,41
2016,6,The Sea Ranch,1,1
2016,10,Campbell,1,1
2016,6,Watsonville,336,2
2016,8,Fremont,64,2
2016,6,San Francisco,7620,74
2016,3,Richmond,1,1
2016,7,Carmel Valley,48,1
2016,10,Boulder Creek,254,8
2016,3,Belmont,426,2
2016,11,Fremont,18,1
2016,1,Kensington,1,1
2016,10,San Bruno,8,6
2016,1,Burlingame,8,5
2016,1,Oakland,494,58
2016,5,Sunnyvale,9,2
2016,2,La Selva Beach,16,2
2016,12,Watsonville,128,2
2016,2,Mountain View,1998,28
2016,5,Morgan Hill,1,1
2016,2,Carmel Valley,32,1
2016,4,Ben Lomond,12,1
2016,10,San Francisco,5341,80
2016,10,Los Altos,48953,364
2016,1,The Sea Ranch,3,1
2016,1,Portola Valley,31451,46
2016,7,Moraga,67,1
2016,3,Pacifica,4234,45
2016,8,Mountain View,3789,50
2016,5,Brisbane,6020,83
2016,3,Mountain View,3397,34
2016,2,Los Gatos,40436,213
2016,11,Scotts Valley,13765,105
2016,8,Santa Clara,40,2
2016,9,Portola Valley,5174,63
2016,4,Burlingame,19,3
2016,5,Foster City,168,11
2016,3,Soquel,10048,126
2016,3,Walnut Creek,1,1
2016,6,Foster City,215,18
2016,9,San Jose,46,2
2016,8,Saratoga,1702,21
2016,6,Woodside,4272,47
2016,8,Brisbane,4839,46
2016,11,San Jose,92,7
2016,4,San Mateo,587,9
2016,9,Pacifica,4778,53
2016,8,Los Altos,53295,342
2016,3,San Francisco,3993,40
2016,12,Half Moon Bay,1092,5
2016,10,Mountain View,7830,80
2016,8,Morgan Hill,654,3
2016,2,Ben Lomond,28,1
2016,6,Redwood City,3415,29
2016,6,Alameda,90,4
2016,6,Carmel,1,1
2016,1,Sunnyvale,44,6
2016,1,South San Francisco,59,12
2016,5,Walnut Creek,1,1
2016,7,Los Altos Hills,14547,66
2016,9,El Sobrante,6,1
2016,7,Berkeley,1,1
2016,10,Brisbane,8676,95
2016,10,Burlingame,602,12
2016,12,Menlo Park,4174,41
2016,4,Los Altos Hills,16276,59
2016,2,Emerald Hills,14,1
2016,5,Palo Alto,83334,454
2016,6,Saratoga,2091,23
2016,7,Portola Valley,7153,71
2016,4,Watsonville,126,1
2016,6,Morgan Hill,369,1
2016,3,Sunnyvale,24,3
2016,3,Santa Cruz,25837,168
2016,11,Portola Valley,6463,68
2016,9,San Mateo,1566,23
2016,12,Los Altos,30851,279
2016,10,Santa Clara,23,2
2016,7,Brisbane,3413,52
2016,8,Portola Valley,6630,64
2016,9,Los Altos,44204,337
2016,4,Berkeley,16,2
2016,3,Woodside,1526,14
2016,5,East Palo Alto,196,1
2016,9,Redwood City,2354,35
2016,2,Boulder Creek,81,7
2016,8,Atherton,123,6
2016,4,Alameda,1,1
2016,1,Moraga,1,1
2016,8,San Francisco,5169,44
2016,8,Pacifica,4742,47
2016,5,Portola Valley,8745,67
2016,3,South San Francisco,771,17
2016,8,Carmel Valley,28,2
2016,4,Oakland,5219,28
2016,12,Burlingame,326,9
2016,5,Belmont,724,2
2016,5,Felton,1968,11
2016,2,Los Altos Hills,16487,40
2016,12,Richmond,179,1
2016,10,El Sobrante,3,1
2016,1,Belvedere-Tiburon,1,1
2016,9,Mountain View,4249,42
2016,12,Belmont,853,5
2016,8,Menlo Park,5718,43
2016,12,San Mateo,1513,16
2016,8,Los Gatos,49518,227
2016,10,Carmel Valley,27,1
2016,7,Woodside,3865,42
2016,5,Watsonville,135,2
2016,5,San Bruno,4,4
2016,2,Sunnyvale,44,2
2016,12,Redwood City,2127,21
2016,3,Ben Lomond,11,1
2016,8,Alameda,11,2
2016,10,Daly City,4575,13
2016,11,Cupertino,312,5
2016,11,Colma,1,1
2016,9,Santa Cruz,20612,158
2016,6,San Mateo,1232,18
2016,6,Menlo Park,4490,40
2016,6,Capitola,3840,35
2016,10,Los Gatos,35349,209
2016,11,Half Moon Bay,706,6
2016,11,Piedmont,3,1
2016,7,Palo Alto,93498,449
2016,8,East Palo Alto,157,6
2016,2,South San Francisco,35,11
2016,4,San Leandro,8,1
2016,10,Oakland,12117,53
2016,11,Capitola,3166,33
2016,7,Half Moon Bay,3,1
2016,12,Woodside,2023,26
2016,2,San Bruno,3,3
2016,10,Foster City,1315,23
2016,11,San Leandro,14,1
2016,1,Ben Lomond,24,1
2016,7,Ben Lomond,14,2
2016,8,Millbrae,8,4
2016,6,San Bruno,1,1
2016,2,Santa Clara,82,1
2016,11,Sunnyvale,2813,68
2016,5,Moraga,431,1
2016,4,Half Moon Bay,1,1
2016,9,Saratoga,1517,18
2016,9,Palo Alto,72110,391
2016,9,Daly City,3098,9
2016,8,Half Moon Bay,2,2
2016,5,Soquel,11739,137
2016,4,Felton,1897,11
2016,7,Santa Cruz,25924,146
2016,12,Portola Valley,7285,63
2016,2,Richmond,1,1
2016,6,Atherton,636,8
2016,7,Los Gatos,51916,211
2016,1,La Selva Beach,28,2
2016,3,Aptos,284,8
2016,10,Redwood City,1504,36
2016,6,Berkeley,6,3
2016,1,Santa Clara,42,1
2016,8,South San Francisco,124,14
2016,12,Hillsborough,3,3
2016,10,Aptos,275,8
2016,8,Daly City,3604,13
2016,6,La Selva Beach,87,1
2016,10,San Carlos,116,8
2016,12,Atherton,91,7
2016,9,Ben Lomond,14,2
2016,5,Santa Cruz,30769,180
2016,5,Concord,1,1
2016,12,Aptos,299,9
2016,9,Menlo Park,5932,47
2016,6,East Palo Alto,45,1
2016,10,Orinda,51,2
2016,4,Atherton,23,4
2016,12,Daly City,3340,10
2016,10,South San Francisco,1148,85
2016,10,Cupertino,8,4
2016,8,Hillsborough,88,10
2016,6,Boulder Creek,207,7
2016,12,Saratoga,1362,17
2016,9,Woodside,3483,30
2016,3,Moraga,321,3
2016,9,Scotts Valley,15382,113
2016,8,San Bruno,27,13
2016,7,Sunnyvale,64,13
2016,6,Santa Cruz,27057,157
2016,2,San Jose,1,1
2016,3,Redwood City,610,19
2016,8,Ben Lomond,11,2
2016,10,Tracy,1,1
2016,6,Hillsborough,177,14
2016,4,Redwood City,1424,20
2016,9,South San Francisco,319,17
2016,10,Pescadero,2,1
2016,6,Scotts Valley,22391,115
2016,12,Los Gatos,25657,182
2016,9,Belvedere-Tiburon,1,1
2016,1,Scotts Valley,23239,110
2016,4,La Selva Beach,185,2
2016,6,Daly City,2805,9
2016,10,The Sea Ranch,6,1
2016,12,San Carlos,15,4
2016,11,Los Altos,44618,343
2016,11,San Bruno,59,9
2016,10,Saratoga,1201,16
2016,12,Alameda,31,1
2016,12,San Leandro,30,1
2016,8,Woodside,3714,39
2016,12,San Bruno,30,5
2016,9,Berkeley,2,1
2016,3,Saratoga,2570,31
2016,5,Los Altos,74236,446
2016,9,East Palo Alto,28,4
2016,11,Millbrae,2,2
2016,2,Pacifica,5507,48
2016,4,Moraga,740,2
2016,6,Ben Lomond,10,2
2016,10,Palo Alto,79294,403
2016,2,Foster City,28,6
2016,3,San Mateo,610,7
2016,5,South San Francisco,169,16
2016,4,Millbrae,5,1
2016,4,South San Francisco,285,17
2016,3,Oakland,1786,30
2016,12,Boulder Creek,150,7
2016,4,Aptos,325,9
2016,1,San Carlos,4,3
2016,9,San Francisco,4650,47
2016,11,Menlo Park,4980,40
2016,2,Burlingame,66,6
2016,2,Brisbane,4375,66
2016,7,Morgan Hill,519,1
2016,6,Los Altos,61647,389
2016,11,Richmond,390,1
2016,1,Watsonville,10,2
2016,9,Santa Clara,2,1
2016,2,Portola Valley,5087,60
2016,6,Pacifica,5998,56
2016,2,Half Moon Bay,1,1
2016,10,San Jose,13,8
2016,12,San Jose,865,3
2016,1,Woodside,2078,13
2016,3,El Cerrito,1,1
2016,3,Palo Alto,75857,345
2016,7,Atherton,416,6
2016,3,San Carlos,252,5
2016,2,Menlo Park,2155,31
2016,5,Atherton,236,7
2016,3,Atherton,34,5
2016,12,Fremont,18,1
2016,3,La Selva Beach,108,2
2016,6,Felton,981,10
2016,2,Morgan Hill,1,1
2016,10,Fremont,19,1
2016,2,Felton,2537,8
2016,9,Capitola,3471,37
2016,12,Capitola,2419,26
2016,12,Palo Alto,50774,316
2016,6,Half Moon Bay,5,4
2016,5,San Mateo,812,13
2016,12,La Selva Beach,17,2
2016,10,Carmel,73,1
2016,12,Brisbane,3878,62
2016,12,Santa Clara,16,1
2016,3,Alameda,10,4
2016,6,Moraga,124,2
2016,10,La Selva Beach,67,2
2016,7,Alameda,73,3
2016,10,Pacifica,5668,57
2016,10,Los Altos Hills,14206,58
2016,7,Felton,697,8
2016,5,Woodside,3663,37
2016,8,Berkeley,19,2
2016,11,Carmel Valley,109,1
2016,7,Capitola,3788,33
2016,10,Woodside,2466,23
2016,12,Union City,1,1
2016,12,Santa Cruz,20204,144
2016,7,San Mateo,791,18
2016,2,Redwood City,628,12
2016,6,Belmont,685,8
2016,6,Mountain View,2669,38
2016,8,Union City,1,1
2016,7,Mountain View,4191,48
2016,9,San Carlos,17,5
2016,9,Los Altos Hills,12385,56
2016,9,Belmont,999,11
2016,9,Watsonville,202,2
2016,5,Boulder Creek,343,9
2016,11,Los Gatos,37357,203
2016,5,Scotts Valley,22538,123
2016,8,Foster City,2211,30
2016,10,Belmont,732,10
2016,3,Orinda,1,1
2016,9,Foster City,1738,27
2016,11,Boulder Creek,125,10
2016,3,Danville,3,3
2016,11,Soquel,9572,109
2016,11,Ben Lomond,43,2
2016,4,Capitola,4252,40
2016,8,Palo Alto,81265,385
2016,7,Santa Clara,12,3
2016,12,San Francisco,4231,57
2016,12,Oakland,10040,34
2016,8,Boulder Creek,505,8
2016,10,Soquel,10171,123
2016,1,Mountain View,4037,32
2016,8,Felton,1184,12
2016,2,San Francisco,2968,41
2016,7,Los Altos,69884,391
2016,11,Santa Clara,8,2
2016,9,Boulder Creek,611,8
2016,11,South San Francisco,1386,40
2016,5,San Leandro,32,2
2016,4,Daly City,1614,5
2016,7,Pacifica,4536,56
2016,1,Foster City,31,9
2016,2,Woodside,579,13
2016,4,Los Gatos,46723,211
2016,7,Burlingame,762,30
2016,1,Soquel,13684,129
2016,10,Capitola,3804,40
2016,5,Montara,1,1
2016,8,San Carlos,16,4
2016,4,Sunnyvale,26,2
2016,11,Los Altos Hills,12766,54
2016,1,El Cerrito,2,1
2016,3,Hillsborough,1,1
2016,7,San Pablo,1,1
2016,3,Pleasanton,18,2
2016,12,Moraga,32,3
2016,7,Watsonville,176,2
2016,11,San Carlos,59,3
2016,6,San Carlos,27,4
2016,2,Stanford,2319,6
2016,2,Pleasanton,24,1
2016,5,Menlo Park,5473,49
2016,1,Felton,1056,10
2016,7,Hillsborough,426,17
2016,6,Carmel Valley,52,1
2016,10,Felton,587,11
2016,3,Belvedere-Tiburon,7,5
2016,2,Daly City,1467,6
2016,11,Alameda,31,2
2016,12,Los Altos Hills,10031,45
2016,9,Atherton,241,7
2016,10,East Palo Alto,32,5
2016,9,Richmond,485,1
2016,9,Aptos,172,8
2016,8,Belmont,975,7
2016,1,Clovis,1,1
2016,7,Boulder Creek,318,8
2016,2,Atherton,45,2
2016,9,Alameda,16,2
2016,12,Piedmont,8,1
2016,11,Belmont,774,4
2016,1,San Leandro,2,1
2016,7,East Palo Alto,81,7
2016,2,Hayward,1,1
2016,11,Felton,577,9
2016,6,Brisbane,3008,55
2016,10,Belvedere-Tiburon,1,1
2016,2,Santa Cruz,25367,165
2016,7,San Carlos,31,5
2016,11,Palo Alto,70210,360
2016,1,Millbrae,1,1
2016,5,San Francisco,10126,84
2016,1,Redwood City,561,23
2016,11,Berkeley,20,2
2016,4,Mountain View,2374,33
2016,1,San Jose,1,1
2016,3,Watsonville,132,2
2016,9,Sunnyvale,565,39
2016,4,Palo Alto,69498,365
2016,4,Scotts Valley,23111,126
2016,12,Danville,1,1
2016,10,Half Moon Bay,910,5
2016,12,San Gregorio,1,1
2016,8,Soquel,9544,116
2016,9,Hillsborough,113,11
2016,5,Half Moon Bay,2,2
2016,7,Daly City,3101,10
2016,6,Millbrae,22,6
2016,9,San Bruno,5,4
2016,4,Santa Cruz,27436,177
2016,7,Saratoga,2212,22
2016,12,Morgan Hill,236,2
2016,1,Brisbane,3999,56
2016,12,Foster City,468,10
2016,10,Scotts Valley,15447,113
2016,3,Millbrae,5,3
2016,4,San Francisco,4603,53
2016,9,La Selva Beach,28,2
2016,3,Capitola,4940,39
2016,1,San Francisco,2682,52
2016,4,Belmont,429,3
2016,5,Millbrae,10,9
2016,12,Colma,3,1
2016,7,San Bruno,4,4
2016,3,Portola Valley,7134,63
2016,8,Santa Cruz,23440,157
2016,11,Saratoga,1896,16
2016,5,Berkeley,3,2
2016,3,Los Gatos,42507,218
2016,7,Soquel,10043,105
2016,10,Sunnyvale,1345,57
2016,3,The Sea Ranch,3,1
2016,2,San Leandro,2,1
2016,1,Atherton,147,1
2016,3,Los Altos Hills,14916,47
2016,6,Lafayette,16,1
2016,12,Carmel Valley,238,1
2016,12,Scotts Valley,10931,104
2016,12,El Sobrante,1,1
2016,10,Colma,17,1
2016,5,Pacifica,5717,51
2016,10,Berkeley,8,2
2016,8,Scotts Valley,16946,120
2016,8,Aptos,285,11
2016,11,Pacifica,13040,79
2016,9,Los Gatos,45917,222
2016,10,Richmond,641,1
2016,4,Los Altos,44798,324
2016,9,Fremont,47,2
2016,10,Hillsborough,56,4
2016,10,Ben Lomond,16,2
2016,10,Watsonville,161,2
2016,8,Auburn,1,1
2016,7,Menlo Park,5270,44
2016,12,Bonny Doon,1,1
2016,1,Menlo Park,1479,33
2016,4,Pacifica,4912,40
2016,2,Millbrae,12,6
2016,4,Lafayette,1,1
2016,12,Ben Lomond,53,3
2016,7,Belmont,808,9
2016,2,Palo Alto,63070,306
2016,11,Santa Cruz,26671,153
2016,7,Oakland,5295,23
2016,7,Redwood City,4109,24
2016,8,Los Altos Hills,14855,59
2016,3,Foster City,147,15
2016,5,Mountain View,3678,44
2016,9,Soquel,10356,115
2016,4,Carmel Valley,34,2
2016,9,San Leandro,4,2
2016,4,Saratoga,2979,16
2016,10,Moraga,129,1
2016,9,Felton,1106,10
2016,9,Millbrae,10,5
2016,5,Hillsborough,2,2
2016,6,Palo Alto,79307,437
2016,1,Los Altos Hills,10662,41
2016,2,Los Altos,37614,226
2016,4,San Bruno,7,5
2016,11,La Selva Beach,22,2
2016,11,Woodside,2952,29
2016,4,Woodside,617,12
2016,6,Los Gatos,46755,215
2016,6,Portola Valley,6187,58
2016,7,San Jose,20,2
2016,1,Capitola,4283,40
2016,2,Fremont,1,1
2016,5,Saratoga,2883,20
2016,11,Hillsborough,23,6
2016,5,Aptos,313,12
2016,5,Burlingame,10,6
2016,11,East Palo Alto,4,1
2016,4,San Carlos,111,5
2016,11,San Francisco,6389,76
2016,11,Burlingame,454,7
2016,5,The Sea Ranch,1,1
2016,12,Pacifica,11992,67
2016,10,Alameda,73,5
2016,2,Oakland,1768,17
2016,11,San Mateo,1242,15
2016,5,Los Altos Hills,18306,80
2016,12,East Palo Alto,1,1
2016,6,Oakland,5269,32
2016,2,The Sea Ranch,1,1
2016,3,Carmel Valley,18,2
2016,2,Belmont,108,3
2016,11,Foster City,1078,13
2016,11,Campbell,1,1
2016,8,Oakland,6386,29
2016,5,Daly City,1563,6
2016,7,San Leandro,14,2
2016,3,Scotts Valley,25383,118
2016,10,Portola Valley,8390,72
2016,8,San Leandro,9,3
2016,7,Fremont,8,1
2016,2,Danville,2,1
2016,11,Brisbane,7572,74
2016,8,Capitola,3868,39
2016,1,San Bruno,4,1
2016,8,Richmond,115,1
2016,1,Carmel Valley,119,2
2016,3,Burlingame,71,5
2016,10,El Cerrito,2,2
2016,9,Carmel Valley,35,1
2016,4,Soquel,12253,131
2016,6,Fremont,10,1
2016,9,Cupertino,1,1
2016,1,Boulder Creek,178,5
2016,4,Foster City,62,13
2016,10,Atherton,664,6
2016,2,Hillsborough,1,1
2016,8,Redwood City,3534,30
2016,1,Berkeley,3,2
2015,3,Menlo Park,3,1
2015,1,Atherton,2,1
2015,1,Brisbane,899,6
2015,1,Daly City,48,6
2015,1,Foster City,3,3
2015,1,Hillsborough,1,1
2015,1,Millbrae,13,3
2015,1,Mountain View,1,1
2015,1,Oakland,1,1
2015,1,Pacifica,389,6
2015,1,Palo Alto,545,17
2015,1,Portola Valley,721,10
2015,1,San Bruno,4,2
2015,1,San Francisco,14,12
2015,1,San Mateo,3,2
2015,1,South San Francisco,39,2
2015,1,Woodside,2,1
2015,2,Alameda,1,1
2015,2,Atherton,1,1
2015,2,Brisbane,1114,14
2015,2,Burlingame,8,7
2015,2,Daly City,73,5
2015,2,Hillsborough,1,1
2015,2,Los Altos,1,1
2015,2,Menlo Park,1,1
2015,2,Millbrae,14,3
2015,2,Oakland,12,12
2015,2,Pacifica,104,5
2015,2,Palo Alto,310,22
2015,2,Portola Valley,484,7
2015,2,San Bruno,1,1
2015,2,San Francisco,8,6
2015,2,San Mateo,3,3
2015,2,Scotts Valley,1,1
2015,2,South San Francisco,71,3
2015,2,Woodside,1,1
2015,3,Alameda,1,1
2015,3,Aptos,2,2
2015,3,Atherton,6,2
2015,3,Brisbane,1211,21
2015,3,Burlingame,3,2
2015,3,Capitola,11,11
2015,3,Daly City,66,5
2015,3,El Cerrito,2,1
2015,3,Felton,4,3
2015,3,Foster City,53,4
2015,3,Hillsborough,2,2
2015,3,Los Altos,1,1
2015,3,Los Gatos,71,39
2015,3,Millbrae,2,2
2015,3,Oakland,3,2
2015,3,Pacifica,326,8
2015,3,Palo Alto,411,37
2015,3,Portola Valley,515,6
2015,3,Redwood City,2,1
2015,3,San Bruno,1,1
2015,3,San Francisco,12,5
2015,3,San Mateo,3,2
2015,3,Santa Cruz,122,73
2015,3,Scotts Valley,44,37
2015,3,Soquel,54,36
2015,3,South San Francisco,77,3
2015,3,Woodside,11,2
2015,4,Aptos,2,2
2015,4,Belmont,1,1
2015,4,Brisbane,988,13
2015,4,Burlingame,4,4
2015,4,Capitola,21,9
2015,4,Daly City,104,3
2015,4,El Cerrito,2,1
2015,4,Felton,5,4
2015,4,Foster City,5,3
2015,4,Los Gatos,149,43
2015,4,Menlo Park,5,3
2015,4,Millbrae,5,3
2015,4,Pacifica,282,6
2015,4,Palo Alto,301,37
2015,4,Portola Valley,611,15
2015,4,Redwood City,2,2
2015,4,San Bruno,2,2
2015,4,San Carlos,1,1
2015,4,San Francisco,8,7
2015,4,San Mateo,9,4
2015,4,Santa Cruz,543,73
2015,4,Saratoga,2,2
2015,4,Scotts Valley,161,29
2015,4,Soquel,691,51
2015,4,South San Francisco,32,4
2015,4,Woodside,18,6
2015,5,Alameda,1,1
2015,5,Aptos,2,2
2015,5,Atherton,1,1
2015,5,Bonny Doon,1,1
2015,5,Boulder Creek,9,3
2015,5,Brisbane,1146,13
2015,5,Burlingame,1,1
2015,5,Capitola,179,10
2015,5,Daly City,228,5
2015,5,East Palo Alto,1,1
2015,5,El Cerrito,1,1
2015,5,Felton,209,8
2015,5,Gualala,1,1
2015,5,Half Moon Bay,1,1
2015,5,Los Altos Hills,1,1
2015,5,Los Gatos,1648,98
2015,5,Menlo Park,10,3
2015,5,Millbrae,1,1
2015,5,Mountain View,3,3
2015,5,Pacifica,627,6
2015,5,Palo Alto,1307,318
2015,5,Portola Valley,976,17
2015,5,Redwood City,4,3
2015,5,San Bruno,3,2
2015,5,San Francisco,9,6
2015,5,San Mateo,17,7
2015,5,Santa Cruz,1885,106
2015,5,Saratoga,7,2
2015,5,Scotts Valley,1086,51
2015,5,Sonoma,1,1
2015,5,Soquel,2637,79
2015,5,South San Francisco,33,6
2015,5,The Sea Ranch,5,4
2015,5,Walnut Creek,1,1
2015,5,Woodside,49,3
2015,6,Aptos,7,4
2015,6,Atherton,9,1
2015,6,Boulder Creek,4,2
2015,6,Brisbane,806,10
2015,6,Burlingame,11,8
2015,6,Capitola,465,15
2015,6,Daly City,623,4
2015,6,Felton,113,2
2015,6,Foster City,2,2
2015,6,Half Moon Bay,3,1
2015,6,Hillsborough,4,2
2015,6,Los Altos,5,3
2015,6,Los Gatos,3553,89
2015,6,Menlo Park,18,8
2015,6,Millbrae,3,2
2015,6,Mountain View,1,1
2015,6,Pacifica,286,4
2015,6,Palo Alto,2733,150
2015,6,Portola Valley,833,13
2015,6,Redwood City,18,8
2015,6,San Bruno,4,3
2015,6,San Carlos,4,1
2015,6,San Francisco,7,5
2015,6,San Jose,1,1
2015,6,San Mateo,21,11
2015,6,Santa Cruz,3749,92
2015,6,Saratoga,10,3
2015,6,Scotts Valley,2148,60
2015,6,Soquel,2102,63
2015,6,South San Francisco,13,8
2015,6,Watsonville,1,1
2015,6,Woodside,7,3
2015,7,Alameda,4,1
2015,7,Aptos,257,9
2015,7,Atherton,5,2
2015,7,Belmont,1,1
2015,7,Bolinas,1,1
2015,7,Boulder Creek,19,3
2015,7,Brisbane,971,11
2015,7,Burlingame,3,3
2015,7,Capitola,1142,23
2015,7,Daly City,827,3
2015,7,El Cerrito,4,2
2015,7,Felton,180,6
2015,7,Foster City,4,3
2015,7,Hillsborough,1,1
2015,7,La Honda,1,1
2015,7,Los Altos,113,41
2015,7,Los Altos Hills,4,2
2015,7,Los Gatos,12208,162
2015,7,Menlo Park,64,36
2015,7,Millbrae,5,1
2015,7,Morgan Hill,10,1
2015,7,Mountain View,8,7
2015,7,Pacifica,101,5
2015,7,Palo Alto,5100,228
2015,7,Portola Valley,2069,51
2015,7,Redwood City,192,20
2015,7,San Bruno,6,3
2015,7,San Carlos,6,2
2015,7,San Francisco,385,17
2015,7,San Mateo,12,10
2015,7,Santa Cruz,10104,119
2015,7,Saratoga,47,10
2015,7,Scotts Valley,9642,87
2015,7,Soquel,4815,111
2015,7,South San Francisco,17,9
2015,7,Sunnyvale,5,3
2015,7,The Sea Ranch,1,1
2015,7,Tracy,1,1
2015,7,Woodside,88,8
2015,8,Atherton,11,8
2015,8,Brisbane,624,9
2015,8,Burlingame,4,3
2015,8,Daly City,572,4
2015,8,Foster City,28,9
2015,8,Half Moon Bay,1,1
2015,8,Menlo Park,804,16
2015,8,Millbrae,2,1
2015,8,Moss Beach,11,1
2015,8,Pacifica,5,5
2015,8,Portola Valley,2440,65
2015,8,Redwood City,661,20
2015,8,San Carlos,9,3
2015,8,San Francisco,3205,12
2015,8,San Mateo,23,10
2015,8,South San Francisco,62,14
2015,8,Woodside,88,9
2015,8,Alameda,2,1
2015,8,Aptos,200,9
2015,8,Boulder Creek,138,7
2015,8,Capitola,928,22
2015,8,El Cerrito,1,1
2015,8,Felton,227,6
2015,8,Kensington,1,1
2015,8,La Honda,9,1
2015,8,Los Altos,327,89
2015,8,Los Altos Hills,593,6
2015,8,Los Gatos,15562,173
2015,8,Morgan Hill,23,1
2015,8,Mountain View,21,7
2015,8,Newark,2,1
2015,8,Palo Alto,8770,296
2015,8,San Jose,3,3
2015,8,Santa Cruz,12967,135
2015,8,Saratoga,57,20
2015,8,Scotts Valley,9778,98
2015,8,Soquel,4229,103
2015,8,Sunnyvale,1,1
2015,8,The Sea Ranch,1,1
2015,8,Walnut Creek,1,1
2015,9,Atherton,2,2
2015,9,Brisbane,584,14
2015,9,Burlingame,13,8
2015,9,Daly City,433,5
2015,9,Foster city,5,4
2015,9,Half Moon Bay,59,3
2015,9,Menlo Park,196,24
2015,9,Millbrae,8,6
2015,9,Pacifica,159,12
2015,9,Portola Valley,11974,30
2015,9,Redwood City,544,16
2015,9,San Bruno,2,2
2015,9,San Carlos,4,2
2015,9,San Francisco,1764,15
2015,9,San Mateo,16,6
2015,9,South San Francisco,24,10
2015,9,Woodside,52,10
2015,9,Aptos,425,9
2015,9,Berkeley,1,1
2015,9,Boulder Creek,65,9
2015,9,Capitola,1358,28
2015,9,Carmel Valley,1,1
2015,9,El Cerrito,3,1
2015,9,Felton,1700,5
2015,9,Los Altos,1650,72
2015,9,Los Altos Hills,29,4
2015,9,Los Gatos,40811,188
2015,9,Milpitas,1,1
2015,9,Morgan Hill,58,1
2015,9,Mountain View,130,9
2015,9,Oakland,2,2
2015,9,Palo Alto,9896,207
2015,9,San Jose,1,1
2015,9,Santa Cruz,25193,137
2015,9,Saratoga,236,13
2015,9,Scotts Valley,20621,101
2015,9,Soquel,13484,108
2015,9,Sunnyvale,1,1
2015,9,Walnut Creek,4,2
2015,10,Atherton,8,4
2015,10,Belmont,1,1
2015,10,Brisbane,2463,43
2015,10,Burlingame,4,4
2015,10,Daly City,868,6
2015,10,Foster City,18,2
2015,10,Half Moon Bay,2,2
2015,10,Menlo Park,364,22
2015,10,Millbrae,9,2
2015,10,Pacifica,710,45
2015,10,Portola Valley,25259,53
2015,10,Redwood City,863,18
2015,10,San Bruno,3,1
2015,10,San Carlos,6,2
2015,10,San Francisco,52,16
2015,10,San Mateo,535,5
2015,10,South San Francisco,17,9
2015,10,Woodside,75,9
2015,10,Alameda,1,1
2015,10,Aptos,334,10
2015,10,Ben Lomond,17,2
2015,10,Boulder Creek,34,9
2015,10,Capitola,4948,52
2015,10,Carmel Valley,5,1
2015,10,El Cerrito,6,1
2015,10,Felton,2020,5
2015,10,Kensington,7,3
2015,10,La Selva Beach,186,1
2015,10,Los Altos,20790,163
2015,10,Los Altos Hills,2746,8
2015,10,Los Gatos,55854,233
2015,10,Mountain View,1782,16
2015,10,New Almaden,1,1
2015,10,Newark,1,1
2015,10,Palo Alto,16544,204
2015,10,San Jose,5,1
2015,10,Santa Cruz,27410,203
2015,10,Saratoga,1519,36
2015,10,Scotts Valley,38797,130
2015,10,Soquel,14721,124
2015,10,Sunnyvale,7,1
2015,10,The Sea Ranch,2,1
2015,10,Union City,1,1
2015,10,Walnut Creek,1,1
2015,10,Watsonville,4,2
2015,11,Atherton,1,1
2015,11,Belmont,2,1
2015,11,Brisbane,5766,51
2015,11,Burlingame,6,6
2015,11,Daly City,593,3
2015,11,Foster City,1,1
2015,11,Menlo Park,1746,20
2015,11,Millbrae,19,5
2015,11,Pacifica,1651,28
2015,11,Portola Valley,18437,58
2015,11,Redwood City,667,19
2015,11,San Bruno,5,4
2015,11,San Carlos,2,2
2015,11,San Francisco,37,13
2015,11,San Mateo,441,3
2015,11,South San Francisco,20,8
2015,11,Woodside,2432,6
2015,11,Aptos,445,8
2015,11,Ben Lomond,12,3
2015,11,Boulder Creek,118,8
2015,11,Capitola,4955,45
2015,11,Carmel Valley,2,1
2015,11,El Cerrito,3,1
2015,11,Felton,1943,9
2015,11,Fremont,1,1
2015,11,Kensington,5,1
2015,11,La Selva Beach,60,1
2015,11,Los Altos,24576,150
2015,11,Los Altos Hills,5997,16
2015,11,Los Gatos,44805,214
2015,11,Mountain View,2372,15
2015,11,Oakland,2,2
2015,11,Palo Alto,32663,206
2015,11,Paradise,1,1
2015,11,San Leandro,1,1
2015,11,San Ramon,1,1
2015,11,Santa Cruz,22351,162
2015,11,Saratoga,2022,21
2015,11,Scotts Valley,23890,106
2015,11,Soquel,12914,127
2015,11,Sunnyvale,25,1
2015,11,Watsonville,1,1
2015,12,Mountain View,3079,22
2015,12,Danville,1,1
2015,12,Moraga,1,1
2015,12,Boulder Creek,182,5
2015,12,Belmont,12,3
2015,12,Redwood City,850,11
2015,12,Sunnyvale,10,4
2015,12,East Palo Alto,15,1
2015,12,Pacifica,1390,39
2015,12,Woodside,946,6
2015,12,Brisbane,3753,46
2015,12,Ben Lomond,16,1
2015,12,San Francisco,496,17
2015,12,Aptos,301,9
2015,12,Santa Cruz,19285,157
2015,12,Los Altos,21565,165
2015,12,The Sea Ranch,2,1
2015,12,Piedmont,23,1
2015,12,San Bruno,1,1
2015,12,Santa Clara,33,1
2015,12,Watsonville,5,1
2015,12,Los Altos Hills,4238,15
2015,12,San Mateo,195,8
2015,12,Foster City,12,2
2015,12,Felton,1360,9
2015,12,San Leandro,1,1
2015,12,Los Gatos,39189,212
2015,12,San Carlos,8,3
2015,12,Carmel Valley,13,3
2015,12,Portola Valley,11875,56
2015,12,Menlo Park,914,20
2015,12,Soquel,11154,132
2015,12,Fremont,1,1
2015,12,Capitola,3486,41
2015,12,Oakland,32,9
2015,12,South San Francisco,92,10
2015,12,Scotts Valley,20214,104
2015,12,Palo Alto,29329,223
2015,12,Burlingame,12,9
2015,12,Daly City,1034,3
2015,12,La Selva Beach,22,1
2015,12,Saratoga,1387,16
2015,12,Millbrae,6,2
2014,1,Atherton,7,2
2014,10,Alameda,2,2
2014,9,Woodside,3,3
2014,9,South San Francisco,15,10
2014,9,San Mateo,3,3
2014,9,San Francisco,7,7
2014,9,San Bruno,12,4
2014,9,Redwood City,1,1
2014,9,Portola Valley,68,9
2014,9,Palo Alto,39,15
2014,9,Pacifica,63,8
2014,12,Woodside,1,1
2014,9,Oakland,2,1
2014,11,Portola Valley,227,9
2014,9,Novato,1,1
2014,11,Richmond,1,1
2014,9,Moss Beach,1,1
2014,9,Millbrae,4,4
2014,9,Menlo Park,4,2
2014,11,Palo Alto,49,16
2014,9,Los Altos,3,1
2014,9,Foster City,15,5
2014,9,East Palo Alto,1,1
2014,9,Daly City,73,6
2014,9,Burlingame,2,2
2014,9,Brisbane,1324,19
2014,9,Atherton,1,1
2014,8,Woodside,10,6
2014,8,South San Francisco,23,12
2014,8,San Mateo,3,3
2014,8,San Francisco,9,6
2014,8,San Carlos,1,1
2014,8,San Bruno,3,3
2014,11,Pacifica,170,7
2014,8,Redwood City,1,1
2014,8,Portola Valley,54,12
2014,8,Palo Alto,59,15
2014,8,Pacifica,80,2
2014,8,Oakland,2,2
2014,8,Moraga,2,1
2014,8,Menlo Park,5,3
2014,8,Hillsborough,2,2
2014,8,Foster City,10,7
2014,8,Daly City,101,6
2014,8,Brisbane,453,17
2014,8,Belmont,2,1
2014,8,Atherton,3,2
2014,8,Alameda,1,1
2014,7,Woodside,5,2
2014,7,St. Helena,1,1
2014,7,South San Francisco,39,24
2014,7,San Rafael,1,1
2014,7,San Mateo,4,4
2014,7,San Francisco,4,4
2014,11,Millbrae,3,2
2014,7,San Carlos,1,1
2014,7,San Bruno,8,7
2014,7,Redwood City,4,4
2014,7,Portola Valley,42,8
2014,7,Palo Alto,23,5
2014,7,Pacifica,78,2
2014,7,Oakland,1,1
2014,7,Moraga,1,1
2014,7,Millbrae,4,1
2014,7,Menlo Park,8,4
2014,7,Foster City,8,6
2014,7,Daly City,137,5
2014,7,Brisbane,269,40
2014,7,Atherton,7,1
2014,6,Woodside,13,2
2014,6,South San Francisco,15,13
2014,6,San Mateo,8,6
2014,6,San Francisco,1,1
2014,6,San Bruno,8,6
2014,6,Portola Valley,29,11
2014,6,Palo Alto,45,3
2014,6,Pacifica,45,2
2014,6,Oakland,1,1
2014,6,Millbrae,9,2
2014,6,Menlo Park,2,1
2014,6,Hillsborough,1,1
2014,11,Menlo Park,17,4
2014,6,Foster City,14,5
2014,6,Daly City,136,4
2014,6,Burlingame,2,2
2014,6,Brisbane,114,12
2014,6,Atherton,6,1
2014,5,Woodside,3,2
2014,5,South San Francisco,6,5
2014,5,San Rafael,1,1
2014,5,San Mateo,37,7
2014,5,San Francisco,8,4
2014,5,Portola Valley,255,12
2014,5,Palo Alto,60,11
2014,5,Pacifica,63,2
2014,5,Millbrae,3,1
2014,5,Foster City,10,1
2014,5,Daly City,124,5
2014,5,Burlingame,5,5
2014,5,Brisbane,496,12
2014,5,Atherton,5,1
2014,4,Woodside,40,1
2014,11,El Cerrito,1,1
2014,4,South San Francisco,2,2
2014,4,San Mateo,2,2
2014,4,San Francisco,17,4
2014,4,San Bruno,2,2
2014,4,Redwood City,1,1
2014,4,Portola Valley,37,19
2014,4,Palo Alto,14,5
2014,4,Pacifica,41,5
2014,4,Millbrae,8,2
2014,4,Menlo Park,1,1
2014,11,Daly City,63,6
2014,4,Fremont,1,1
2014,4,Foster City,9,2
2014,4,Daly City,88,3
2014,4,Burlingame,1,1
2014,4,Brisbane,892,11
2014,4,Atherton,8,1
2014,3,Woodside,2,1
2014,3,South San Francisco,3,2
2014,3,San Mateo,6,5
2014,3,San Francisco,49,12
2014,3,San Bruno,3,2
2014,3,Redwood City,2,2
2014,3,Portola Valley,27,4
2014,3,Pacifica,9,3
2014,3,Millbrae,13,2
2014,3,Menlo Park,2,1
2014,3,Hillsborough,1,1
2014,3,Half Moon Bay,1,1
2014,3,Fremont,1,1
2014,3,Foster City,3,2
2014,3,Daly City,172,2
2014,3,Burlingame,1,1
2014,3,Brisbane,799,15
2014,3,Belvedere-Tiburon,1,1
2014,3,Atherton,1,1
2014,2,South San Francisco,3,3
2014,2,San Ramon,1,1
2014,2,San Mateo,1,1
2014,2,San Francisco,9,6
2014,2,San Carlos,1,1
2014,2,San Bruno,1,1
2014,2,Redwood City,2,1
2014,11,Burlingame,2,1
2014,2,Portola Valley,40,5
2014,2,Palo Alto,2,1
2014,2,Pacifica,21,2
2014,2,Orinda,1,1
2014,2,Oakland,2,1
2014,2,Millbrae,3,3
2014,2,Mill Valley,1,1
2014,2,Hayward,1,1
2014,2,Foster City,3,2
2014,2,El Cerrito,2,1
2014,2,Daly City,175,3
2014,2,Corte Madera,1,1
2014,2,Burlingame,2,2
2014,2,Brisbane,701,11
2014,11,Brisbane,1153,14
2014,11,Belmont,1,1
2014,11,Atherton,1,1
2014,10,South San Francisco,5,3
2014,11,San Bruno,5,2
2014,11,San Carlos,2,1
2014,11,San Francisco,10,8
2014,11,South San Francisco,9,5
2014,11,Woodside,8,2
2014,12,Alameda,2,2
2014,12,Atherton,1,1
2014,12,Brisbane,764,15
2014,12,Burlingame,5,5
2014,12,Daly City,111,7
2014,12,El Cerrito,1,1
2014,12,Foster City,12,2
2014,12,Hillsborough,4,3
2014,12,Menlo Park,6,2
2014,12,Mill Valley,1,1
2014,12,Millbrae,14,4
2014,12,Oakland,4,2
2014,12,Pacifica,282,6
2014,12,Palo Alto,219,18
2014,12,Portola Valley,535,28
2014,12,Redwood City,4,2
2014,12,Richmond,113,1
2014,12,San Bruno,8,5
2014,12,San Carlos,1,1
2014,12,San Francisco,86,11
2014,12,San Mateo,2,2
2014,12,San Ramon,2,1
2014,12,South San Francisco,46,5
2014,12,Tiburon,2,1
2014,10,San Mateo,1,1
2014,10,San Francisco,20,7
2014,10,San Carlos,4,2
2014,10,San Bruno,2,2
2014,10,Redwood City,1,1
2014,10,Portola Valley,54,7
2014,10,Palo Alto,68,24
2014,10,Pacifica,151,3
2014,10,Oakland,7,2
2014,10,Millbrae,12,5
2014,10,Mill valley,2,1
2014,10,Menlo Park,10,4
2014,10,Foster City,6,4
2014,10,Daly City,124,7
2014,10,Burlingame,5,5
2014,10,Brisbane,1486,34
2014,10,Atherton,5,1
2014,2,Belvedere-Tiburon,5,3
2014,2,Atherton,8,3
2014,2,Alameda,2,2
2014,1,Woodside,4,1
2014,1,South San Francisco,2,2
2014,1,San Mateo,4,3
2014,1,San Francisco,9,4
2014,1,San Bruno,2,2
2014,1,Portola Valley,8,4
2014,1,Palo Alto,2,2
2014,1,Pacifica,12,3
2014,1,Millbrae,20,7
2014,1,Menlo Park,2,1
2014,1,Foster City,2,1
2014,1,Daly City,29,3
2014,1,Burlingame,8,6
2014,1,Brisbane,817,10
2014,1,Berkeley,1,1
2013,12,Burlingame,8,2
2013,10,Burlingame,2,1
2013,10,Brisbane,380,5
2013,10,Atherton,5,1
2013,10,Alameda,2,1
2013,8,Portola Valley,19,6
2013,9,Woodside,2,2
2013,9,South San Francisco,30,6
2013,9,San Mateo,10,3
2013,9,San Francisco,13,10
2013,8,Redwood City,4,3
2013,8,San Bruno,3,3
2013,8,San Francisco,33,4
2013,8,San Mateo,17,4
2013,8,San Rafael,2,1
2013,8,South San Francisco,12,5
2013,8,Woodside,1,1
2013,9,Alameda,1,1
2013,9,Atherton,2,1
2013,9,Brisbane,413,14
2013,9,Burlingame,3,1
2013,9,Daly City,137,3
2013,9,Foster City,36,2
2013,9,Menlo Park,2,2
2013,9,Millbrae,4,3
2013,9,Oakland,1,1
2013,9,Pacifica,37,3
2013,9,Palo Alto,10,3
2013,9,Portola Valley,27,7
2013,9,Redwood City,3,1
2013,9,San Bruno,4,3
2013,12,Woodside,3,1
2013,12,South San Francisco,5,4
2013,12,San Ramon,1,1
2013,12,San Mateo,2,1
2013,12,San Leandro,1,1
2013,12,San Francisco,7,4
2013,12,San Bruno,4,3
2013,12,Portola Valley,6,2
2013,12,Pacifica,8,3
2013,12,Millbrae,8,3
2013,12,Los Gatos,2,1
2013,12,Los Altos,1,1
2013,12,Foster City,18,3
2013,12,Daly City,21,2
2013,12,Brisbane,525,6
2013,12,Atherton,3,1
2013,11,Woodside,4,4
2013,11,Tiburon,1,1
2013,11,South San Francisco,3,3
2013,11,San Mateo,4,3
2013,11,San Francisco,20,4
2013,11,Redwood City,2,1
2013,11,Portola Valley,6,2
2013,11,Pacifica,56,3
2013,11,Oakland,1,1
2013,11,Millbrae,7,1
2013,11,Menlo Park,1,1
2013,11,Fremont,2,1
2013,11,Foster City,18,3
2013,11,El Cerrito,2,1
2013,11,Daly City,72,2
2013,11,Burlingame,1,1
2013,11,Brisbane,468,6
2013,8,Palo Alto,27,3
2013,8,Pacifica,48,3
2013,8,Oakland,2,1
2013,8,Menlo Park,12,1
2013,8,Lafayette,1,1
2013,8,La Honda,1,1
2013,8,Hillsborough,1,1
2013,8,Foster City,56,6
2013,8,Daly City,144,4
2013,8,Brisbane,517,3
2013,8,Belmont,1,1
2013,8,Alameda,1,1
2013,7,Woodside,13,4
2013,7,South San Franciscio,8,4
2013,7,San Mateo,5,5
2013,7,San Jose,1,1
2013,7,San Francisco,29,8
2013,7,San Bruno,13,3
2013,7,Portola Valley,1,1
2013,7,Palo Alto,55,3
2013,7,Pacifica,32,2
2013,7,Millbrae,9,3
2013,7,Menlo Park,17,1
2013,7,Foster City,11,2
2013,7,Daly City,69,2
2013,7,Burlingame,15,11
2013,7,Brisbane,642,8
2013,6,Woodside,2,2
2013,6,Walnut Creek,3,1
2013,6,Sunnyvale,2,2
2013,6,South San Franciscio,12,10
2013,6,San Mateo,76,5
2013,6,San Francisco,12,9
2013,6,San Bruno,4,2
2013,6,Portola Valley,11,8
2013,6,Palo Alto,98,4
2013,6,Pacifica,47,4
2013,6,Oakland,2,1
2013,6,Mountain View,2,1
2013,6,Millbrae,1,1
2013,6,Menlo Park,9,2
2013,6,Los Altos,1,1
2013,6,Daly City,201,4
2013,6,Burlingame,3,2
2013,6,Brisbane,984,20
2013,6,Atherton,3,1
2013,6,Alameda,6,5
2013,5,Woodside,4,2
2013,5,South San Franciscio,11,6
2013,5,San Mateo,22,2
2013,5,San Francisco,19,4
2013,5,Portola Valley,3,3
2013,5,Palo Alto,71,3
2013,5,Pacifica,19,2
2013,5,Orinda,2,1
2013,5,Oakland,4,1
2013,5,Millbrae,1,1
2013,5,Los Altos,1,1
2013,5,Foster City,4,1
2013,5,Daly City,65,2
2013,5,Brisbane,521,26
2013,5,Atherton,2,1
2013,4,Woodside,10,2
2013,4,San Mateo,2,2
2013,4,San Francisco,12,7
2013,4,San Bruno,1,1
2013,4,Redwood City,53,3
2013,4,Portola Valley,6,3
2013,4,Palo Alto,3,2
2013,4,Pacifica,11,1
2013,4,Milpitas,1,1
2013,4,Menlo Park,3,3
2013,4,Los Altos,1,1
2013,4,Daly City,92,2
2013,4,Burlingame,3,2
2013,4,Brisbane,333,7
2013,4,Atherton,2,1
2013,3,Woodside,14,2
2013,3,South San Franciscio,5,3
2013,3,San Francisco,148,7
2013,3,San Bruno,1,1
2013,3,Redwood City,89,3
2013,11,Atherton,8,2
2013,3,Portola Valley,2,2
2013,3,Palo Alto,2,2
2013,3,Pacifica,5,2
2013,3,Millbrae,2,1
2013,3,Menlo Park,3,1
2013,3,Los Altos Hills,10,1
2013,3,Foster City,94,1
2013,3,Daly City,133,3
2013,3,Burlingame,9,5
2013,3,Brisbane,276,5
2013,3,Bonny Doon,1,1
2013,3,Atherton,4,2
2013,3,Alameda,1,1
2013,2,Woodside,1,1
2013,2,South San Franciscio,3,3
2013,2,San Francisco,15,7
2013,2,San Bruno,2,2
2013,2,Portola Valley,15,1
2013,2,Palo Alto,6,1
2013,2,Pacifica,1,1
2013,2,Orinda,5,1
2013,2,Oakland,1,1
2013,2,Millbrae,1,1
2013,2,Menlo Park,4,2
2013,2,Foster City,2,1
2013,2,Daly City,77,2
2013,2,Brisbane,242,4
2013,2,Atherton,4,1
2013,1,Woodside,2,2
2013,1,South San Franciscio,3,2
2013,1,San Jose,1,1
2013,1,San Francisco,48,5
2013,1,San Bruno,1,1
2013,1,Redwood City,1,1
2013,1,Portola Valley,9,2
2013,1,Palo Alto,2,1
2013,1,Pacifica,4,2
2013,10,South San Francisco,1,1
2013,1,Oakland,6,1
2013,1,Moraga,1,1
2013,10,San Mateo,1,1
2013,1,Millbrae,2,2
2013,1,Menlo Park,6,3
2013,1,Foster City,1,1
2013,1,Daly City,149,3
2013,1,Brisbane,23,5
2013,1,Atherton,8,2
2013,10,San Francisco,7,7
2013,10,San Bruno,1,1
2013,10,Portola Valley,47,7
2013,10,Palo Alto,2,1
2013,10,Pacifica,70,4
2013,10,Millbrae,2,2
2013,10,Menlo Park,1,1
2013,10,Fremont,1,1
2013,10,Foster City,29,3
2013,10,Daly City,132,3
2012,11,Daly City,126,3
2012,11,Colma,1,1
2012,12,Pacifica,2,2
2012,11,Burlingame,5,4
2012,11,Brisbane,37,9
2012,11,Berkeley,5,2
2012,11,Belmont,1,1
2012,11,Atherton,2,1
2012,11,Alameda,5,3
2012,10,Woodside,2,1
2012,10,The Sea Ranch,1,1
2012,10,South San Franciscio,7,5
2012,10,San Mateo,3,1
2012,10,San Francisco,71,11
2012,10,San Bruno,5,3
2012,10,Redwood City,1,1
2012,10,Portola Valley,25,3
2012,10,Palo Alto,2,1
2012,10,Pacifica,47,7
2012,10,Oakland,13,1
2012,10,Mountain View,2,1
2012,10,Millbrae,1,1
2012,10,Menlo Park,4,1
2012,10,Foster City,3,3
2012,10,Daly City,231,3
2012,10,Burlingame,7,5
2012,10,Brisbane,455,26
2012,10,Atherton,3,2
2012,9,South San Franciscio,2,1
2012,9,Scotts Valley,1,1
2012,9,San Mateo,5,1
2012,9,San Francisco,27,6
2012,9,San Bruno,6,4
2012,9,Redwood City,1,1
2012,9,Portola Valley,13,2
2012,9,Pacifica,54,2
2012,9,Oakland,3,2
2012,9,Mountain View,2,1
2012,9,Millbrae,1,1
2012,9,Menlo Park,3,2
2012,9,Danville,1,1
2012,9,Daly City,93,2
2012,9,Corte Madera,1,1
2012,9,Brisbane,235,9
2012,8,Woodside,2,1
2012,8,South San Franciscio,1,1
2012,8,San Francisco,11,6
2012,12,Palo Alto,1,1
2012,8,San Bruno,21,5
2012,8,Portola Valley,3,1
2012,8,Palo Alto,14,1
2012,8,Pacifica,71,2
2012,8,Oakland,1,1
2012,8,Millbrae,2,2
2012,8,Menlo Park,3,1
2012,8,Lafayette,2,2
2012,8,Hillsborough,3,1
2012,8,Foster City,1,1
2012,8,Felton,8,1
2012,12,Woodside,1,1
2012,8,Daly City,72,3
2012,8,Burlingame,5,3
2012,8,Brisbane,132,12
2012,7,South San Franciscio,5,3
2012,7,San Mateo,2,2
2012,7,San Francisco,75,4
2012,7,San Bruno,3,2
2012,7,Redwood City,2,1
2012,7,Portola Valley,1,1
2012,7,Palo Alto,32,2
2012,7,Pacifica,82,3
2012,7,Oakland,1,1
2012,7,Millbrae,2,2
2012,7,Hillsborough,1,1
2012,7,Half Moon Bay,3,1
2012,12,Portola Valley,8,4
2012,7,Foster City,2,2
2012,7,Felton,4,1
2012,7,Fairfax,1,1
2012,7,Daly City,97,4
2012,7,Burlingame,1,1
2012,7,Brisbane,299,18
2012,7,Atherton,2,1
2012,7,Aromas,1,1
2012,7,Alameda,1,1
2012,6,South San Franciscio,8,5
2012,6,San Mateo,4,3
2012,6,San Francisco,60,6
2012,6,San Bruno,17,2
2012,6,Redwood City,11,2
2012,6,Portola Valley,17,8
2012,6,Palo Alto,5,4
2012,6,Pacifica,58,3
2012,6,Oakland,3,2
2012,6,Millbrae,2,2
2012,6,Menlo Park,2,1
2012,6,Hillsborough,5,1
2012,6,Half Moon Bay,4,2
2012,6,Foster City,7,4
2012,6,Daly City,130,4
2012,6,Burlingame,1,1
2012,6,Brisbane,341,23
2012,12,San Bruno,2,2
2012,6,Bolinas,1,1
2012,6,Atherton,2,2
2012,5,South San Franciscio,3,3
2012,5,San Mateo,2,2
2012,5,San Jose,1,1
2012,5,San Francisco,14,5
2012,5,San Bruno,5,4
2012,5,Portola Valley,21,4
2012,5,Pacifica,62,1
2012,5,Orinda,2,1
2012,5,Oakland,2,1
2012,5,Mountain View,4,1
2012,5,Millbrae,3,2
2012,5,Daly City,235,2
2012,5,Burlingame,14,3
2012,5,Brisbane,524,12
2012,5,Atherton,6,1
2012,5,Albany,6,4
2012,5,Alameda,1,1
2012,4,Woodside,1,1
2012,4,South San Franciscio,36,18
2012,4,San Mateo,6,2
2012,4,San Francisco,32,11
2012,4,San Bruno,1,1
2012,4,Portola Valley,22,2
2012,4,Palo Alto,9,2
2012,4,Pacifica,72,2
2012,4,Orinda,1,1
2012,4,Oakland,2,1
2012,4,Hillsborough,1,1
2012,4,Foster City,3,2
2012,12,San Francisco,33,5
2012,4,Daly City,201,3
2012,4,Burlingame,1,1
2012,4,Brisbane,476,33
2012,4,Atherton,8,1
2012,3,Woodside,3,1
2012,3,San Jose,11,1
2012,3,San Francisco,40,7
2012,3,San Bruno,2,2
2012,3,Portola Valley,10,2
2012,12,San Mateo,2,2
2012,3,Palo Alto,14,2
2012,3,Pacifica,57,1
2012,3,Oakland,2,1
2012,3,Mountain View,2,1
2012,3,Mill Valley,1,1
2012,3,Menlo Park,1,1
2012,3,Half Moon Bay,4,1
2012,3,Foster City,2,1
2012,3,Daly City,207,4
2012,3,Burlingame,2,2
2012,3,Brisbane,393,16
2012,3,Berkeley,1,1
2012,3,Atherton,4,2
2012,2,San Mateo,3,3
2012,2,San Francisco,21,4
2012,2,San Carlos,2,1
2012,2,San Bruno,15,3
2012,2,Portola Valley,14,1
2012,2,Palo Alto,38,1
2012,2,Pacifica,22,1
2012,2,Oakland,8,1
2012,2,Foster City,2,1
2012,2,Daly City,201,6
2012,2,Burlingame,2,2
2012,2,Brisbane,357,18
2012,1,Woodside,28,2
2012,1,South San Franciscio,2,1
2012,1,San Mateo,1,1
2012,1,San Francisco,13,4
2012,1,San Carlos,4,2
2012,1,San Bruno,6,3
2012,1,Redwood City,1,1
2012,1,Palo Alto,147,2
2012,1,Pacifica,38,1
2012,1,Oakland,2,2
2012,1,Montara,1,1
2012,1,Larkspur,1,1
2012,1,Foster City,2,1
2012,1,Daly City,50,2
2012,1,Burlingame,1,1
2012,1,Brisbane,361,16
2012,1,Alameda,1,1
2012,11,San Bruno,5,2
2012,11,San Carlos,2,1
2012,11,San Francisco,29,6
2012,11,San Mateo,3,1
2012,11,Sausalito,1,1
2012,11,South San Franciscio,4,4
2012,11,Sunnyvale,1,1
2012,11,The Sea Ranch,1,1
2012,11,Tiburon,2,1
2012,12,South San Franciscio,5,2
2012,11,Woodside,1,1
2012,12,Alameda,1,1
2012,12,Atherton,4,1
2012,12,Brisbane,20,5
2012,12,Burlingame,1,1
2012,12,Daly City,176,3
2012,12,Foster City,4,3
2012,12,Fremont,1,1
2012,12,Hayward,1,1
2012,12,Menlo Park,3,2
2012,12,Millbrae,1,1
2012,11,Redwood City,1,1
2012,11,Portola Valley,4,2
2012,12,Oakland,2,2
2012,11,Palo Alto,1,1
2012,11,Pacifica,33,7
2012,11,Oakland,11,4
2012,11,Mountain View,1,1
2012,11,Millbrae,6,5
2012,11,Menlo Park,3,2
2012,11,Half Moon Bay,1,1
2011,9,Menlo Park,2,2
2011,12,Woodside,2,1
2011,12,San Mateo,1,1
2011,12,San Francisco,1,1
2011,12,San Carlos,2,1
2011,12,Redwood City,84,3
2011,12,Portola Valley,5,1
2011,12,Pacifica,28,1
2011,12,Oakland,1,1
2011,12,Millbrae,8,1
2011,12,Menlo Park,1,1
2011,12,Hillsborough,6,2
2011,12,Foster City,1,1
2011,12,Daly City,45,2
2011,12,Burlingame,5,2
2011,12,Brisbane,364,10
2011,12,Berkeley,1,1
2011,11,Woodside,9,3
2011,11,South San Franciscio,4,3
2011,11,San Mateo,3,3
2011,11,San Francisco,3,3
2011,11,San Carlos,2,2
2011,11,San Bruno,13,3
2011,11,Redwood City,128,2
2011,11,Portola Valley,5,3
2011,11,Pacifica,32,1
2011,11,Millbrae,1,1
2011,11,Menlo Park,2,1
2011,11,Hillsborough,2,1
2011,11,Foster City,3,3
2011,11,Daly City,112,4
2011,11,Burlingame,2,2
2011,11,Brisbane,535,9
2011,11,Berkeley,1,1
2011,11,Belmont,1,1
2011,11,Atherton,1,1
2011,11,Alameda,2,2
2011,10,Woodside,2,1
2011,10,Sunnyvale,3,1
2011,10,South San Franciscio,17,7
2011,10,San Ramon,1,1
2011,10,San Mateo,1,1
2011,10,San Francisco,21,18
2011,10,San Carlos,3,2
2011,10,Redwood City,246,2
2011,10,Portola Valley,9,6
2011,10,Pacifica,46,4
2011,10,Oakland,1,1
2011,10,Millbrae,3,3
2011,10,Hillsborough,3,2
2011,10,Foster City,12,3
2011,10,Daly City,171,3
2011,10,Burlingame,3,3
2011,10,Brisbane,903,24
2011,10,Alameda,3,1
2011,9,Woodside,4,1
2011,9,Stanford,3,1
2011,9,South San Franciscio,7,6
2011,9,San Mateo,3,3
2011,9,San Francisco,7,6
2011,9,San Carlos,1,1
2011,9,San Bruno,5,4
2011,9,Redwood City,5,4
2011,9,Portola Valley,6,2
2011,9,Pleasanton,1,1
2011,9,Pescadero,1,1
2011,9,Palo Alto,2,1
2011,9,Pacifica,57,2
2011,9,Oakland,3,1
2011,9,Millbrae,3,3
2011,9,Hillsborough,2,1
2011,9,Half Moon Bay,1,1
2011,9,Foster City,3,1
2011,9,Daly City,125,2
2011,9,Brisbane,816,25
2011,9,Berkeley,1,1
2011,9,Belmont,2,1
2011,8,Union City,1,1
2011,8,South San Franciscio,1,1
2011,8,San Ramon,1,1
2011,8,San Mateo,7,6
2011,8,San Francisco,9,5
2011,8,San Bruno,1,1
2011,8,Redwood City,1,1
2011,8,Portola Valley,9,1
2011,8,Palo Alto,20,2
2011,8,Pacifica,25,2
2011,8,Oakland,1,1
2011,8,Novato,3,1
2011,8,Millbrae,1,1
2011,8,Menlo Park,1,1
2011,8,Hillsborough,1,1
2011,8,Foster City,2,2
2011,8,Daly City,165,4
2011,8,Burlingame,3,3
2011,8,Brisbane,473,16
2011,8,Belmont,3,1
2011,7,Woodside,5,1
2011,7,South San Franciscio,1,1
2011,7,San Mateo,4,3
2011,7,San Francisco,12,8
2011,7,San Carlos,1,1
2011,7,San Bruno,6,4
2011,7,Portola Valley,1,1
2011,7,Palo Alto,29,2
2011,7,Pacifica,66,1
2011,7,Oakland,7,1
2011,7,Millbrae,5,1
2011,7,Menlo Park,1,1
2011,7,Los Altos,1,1
2011,7,Half Moon Bay,1,1
2011,7,Foster City,32,3
2011,7,Daly City,99,4
2011,7,Burlingame,1,1
2011,7,Brisbane,94,12
2011,7,Belmont,3,1
2011,7,Alameda,1,1
2011,6,Woodside,1,1
2011,6,South San Franciscio,4,2
2011,6,San Mateo,4,3
2011,6,San Francisco,20,15
2011,6,San Bruno,7,3
2011,6,Palo Alto,32,3
2011,6,Pacifica,89,2
2011,6,Oakland,28,2
2011,6,Millbrae,3,2
2011,6,Menlo Park,3,2
2011,6,Los Altos Hills,1,1
2011,6,Foster City,2,1
2011,6,Daly City,112,31
2011,6,Brisbane,576,12
2011,5,South San Franciscio,8,3
2011,5,San Francisco,14,12
2011,5,San Bruno,5,3
2011,5,Palo Alto,245,4
2011,5,Pacifica,77,1
2011,5,Oakland,5,2
2011,5,Menlo Park,2,1
2011,5,Hillsborough,2,1
2011,5,Half Moon Bay,1,1
2011,5,Foster City,5,3
2011,5,Daly City,315,4
2011,5,Brisbane,78,11
2011,4,South San Franciscio,4,2
2011,4,San Mateo,5,3
2011,4,San Francisco,3,3
2011,4,San Carlos,1,1
2011,4,San Bruno,1,1
2011,4,Palo Alto,20,3
2011,4,Pacifica,68,1
2011,4,Orinda,2,1
2011,4,Oakland,1,1
2011,4,Novato,1,1
2011,4,Millbrae,1,1
2011,4,Menlo Park,2,1
2011,4,Lafayette,1,1
2011,4,La Honda,1,1
2011,4,Kensington,1,1
2011,4,Foster City,5,2
2011,4,Daly City,201,3
2011,4,Burlingame,1,1
2011,4,Brisbane,97,6
2011,4,Alameda,1,1
2011,3,Woodside,1,1
2011,3,South San Franciscio,7,2
2011,3,Sausalito,1,1
2011,3,San Francisco,11,8
2011,3,San Bruno,3,2
2011,3,Redwood City,2,2
2011,3,Portola Valley,2,1
2011,3,Palo Alto,12,2
2011,3,Pacifica,61,3
2011,3,Novato,1,1
2011,3,Mountain View,1,1
2011,3,Millbrae,1,1
2011,3,Menlo Park,2,1
2011,3,Foster City,4,3
2011,3,Daly City,206,4
2011,3,Burlingame,3,3
2011,3,Brisbane,185,17
2011,3,Alameda,2,2
2011,2,South San Franciscio,1,1
2011,2,San Mateo,2,2
2011,2,San Francisco,10,5
2011,2,San Carlos,2,1
2011,2,San Bruno,1,1
2011,2,Portola Valley,1,1
2011,2,Palo Alto,1,1
2011,2,Pacifica,20,3
2011,2,Millbrae,7,4
2011,2,Menlo Park,2,1
2011,2,Hillsborough,1,1
2011,2,Foster City,3,2
2011,2,Daly City,129,4
2011,2,Brisbane,222,10
2011,1,South San Franciscio,2,2
2011,1,San Mateo,7,3
2011,1,San Francisco,33,6
2011,1,San Bruno,1,1
2011,1,Redwood City,1,1
2011,1,Portola Valley,1,1
2011,1,Pacifica,11,1
2011,1,Novato,2,1
2011,1,Montara,1,1
2011,1,Lafayette,1,1
2011,1,Foster City,2,2
2011,1,Daly City,98,4
2011,1,Burlingame,1,1
2011,1,Brisbane,976,27
2011,1,Belmont,1,1
2011,1,Alameda,4,2
2010,10,Palo Alto,12,4
2010,10,Pacifica,33,1
2010,10,Mountain View,2,1
2010,10,Moraga,7,1
2010,10,Millbrae,2,1
2010,10,Menlo Park,2,1
2010,10,Los Altos,4,2
2010,10,La Honda,3,1
2010,10,Foster City,11,3
2010,10,Daly City,187,6
2010,10,Burlingame,4,1
2010,10,Brisbane,302,28
2010,10,Atherton,1,1
2010,10,Alameda,1,1
2010,9,Woodside,3,1
2010,9,South San Franciscio,2,1
2010,9,San Francisco,17,5
2010,9,San Carlos,1,1
2010,9,San Bruno,5,4
2010,9,Palo Alto,18,3
2010,9,Pacifica,66,1
2010,9,Mountain View,1,1
2010,9,Millbrae,3,2
2010,9,Menlo Park,1,1
2010,9,Foster City,20,12
2010,11,Pacifica,9,1
2010,9,Daly City,190,2
2010,12,Brisbane,615,29
2010,9,Burlingame,3,2
2010,9,Brisbane,181,13
2010,8,South San Franciscio,3,3
2010,8,San Mateo,1,1
2010,8,San Francisco,7,3
2010,8,San Carlos,1,1
2010,8,San Bruno,1,1
2010,8,Redwood City,1,1
2010,8,Palo Alto,24,3
2010,8,Pacifica,51,1
2010,8,Millbrae,2,1
2010,8,Menlo Park,1,1
2010,8,Foster City,8,4
2010,8,Daly City,64,3
2010,8,Burlingame,6,4
2010,8,Brisbane,184,7
2010,7,San Mateo,2,2
2010,7,San Francisco,3,2
2010,7,San Carlos,1,1
2010,7,San Bruno,3,2
2010,7,Redwood City,3,2
2010,7,Portola Valley,1,1
2010,7,Palo Alto,7,3
2010,7,Pacifica,43,1
2010,7,Foster City,3,2
2010,7,Daly City,45,2
2010,7,Burlingame,3,2
2010,7,Brisbane,348,7
2010,7,Atherton,5,2
2010,6,South San Franciscio,6,5
2010,6,San Francisco,20,3
2010,6,San Carlos,3,2
2010,6,San Bruno,8,3
2010,6,Redwood City,1,1
2010,6,Portola Valley,6,1
2010,6,Palo Alto,21,2
2010,6,Pacifica,159,2
2010,11,Palo Alto,14,4
2010,6,Millbrae,1,1
2010,6,Menlo Park,7,2
2010,6,La Honda,2,1
2010,11,San Bruno,6,2
2010,6,Foster City,21,8
2010,6,Daly City,58,5
2010,6,Burlingame,5,1
2010,6,Brisbane,269,7
2010,6,Atherton,1,1
2010,11,San Francisco,447,5
2010,5,Woodside,8,1
2010,5,South San Franciscio,3,2
2010,5,San Mateo,1,1
2010,5,San Francisco,4,3
2010,5,San Carlos,2,1
2010,5,San Bruno,5,1
2010,5,Portola Valley,13,1
2010,5,Palo Alto,7,1
2010,5,Pacifica,105,4
2010,5,Novato,1,1
2010,5,Millbrae,2,1
2010,5,Menlo Park,3,2
2010,5,Foster City,1,1
2010,5,Daly City,118,2
2010,5,Brisbane,226,9
2010,5,Atherton,3,1
2010,4,South San Franciscio,2,2
2010,4,San Mateo,2,1
2010,4,San Francisco,2,1
2010,4,Redwood City,5,1
2010,4,Portola Valley,57,2
2010,4,Pacifica,27,3
2010,4,Foster City,40,3
2010,12,Daly City,86,4
2010,4,Daly City,131,4
2010,4,Brisbane,1222,13
2010,4,Belmont,3,3
2010,4,Atherton,1,1
2010,4,Alameda,1,1
2010,3,Woodside,3,1
2010,11,Santa Cruz,3,1
2010,3,South San Franciscio,2,2
2010,3,San Rafael,3,1
2010,3,San Francisco,25,3
2010,3,San Carlos,3,2
2010,3,San Bruno,1,1
2010,3,Redwood City,1,1
2010,3,Portola Valley,7,4
2010,11,South San Franciscio,9,5
2010,12,Foster City,6,1
2010,3,Palo Alto,1,1
2010,3,Pacifica,39,3
2010,3,Millbrae,12,2
2010,3,Los Altos,7,1
2010,3,Foster City,140,5
2010,3,Daly City,241,2
2010,3,Burlingame,1,1
2010,3,Brisbane,725,10
2010,3,Belmont,1,1
2010,3,Atherton,8,1
2010,12,La Honda,1,1
2010,2,Woodside,56,1
2010,2,South San Franciscio,5,3
2010,2,San Rafael,7,1
2010,2,San Mateo,4,1
2010,2,San Francisco,3,3
2010,2,San Carlos,4,1
2010,2,San Bruno,1,1
2010,2,Redwood City,10,2
2010,2,Portola Valley,6,2
2010,2,Pacifica,6,1
2010,2,Millbrae,3,1
2010,2,Foster City,5,2
2010,2,Daly City,92,6
2010,11,Millbrae,1,1
2010,2,Burlingame,1,1
2010,2,Brisbane,187,6
2010,2,Alameda,4,2
2010,1,Woodside,8,1
2010,1,South San Franciscio,9,7
2010,1,San Francisco,7,6
2010,1,San Carlos,8,4
2010,1,San Bruno,1,1
2010,1,Redwood City,5,2
2010,1,Piedmont,2,1
2010,1,Palo Alto,2,1
2010,12,Alameda,1,1
2010,1,Pacifica,10,2
2010,12,Belmont,1,1
2010,1,Oakland,1,1
2010,1,Novato,10,1
2010,1,Millbrae,6,2
2010,1,Menlo Park,2,1
2010,1,Foster City,4,1
2010,12,Millbrae,2,1
2010,1,Daly City,95,2
2010,1,Burlingame,1,1
2010,1,Brisbane,205,14
2010,1,Alameda,1,1
2010,11,Los Altos,3,2
2010,11,Daly City,188,6
2010,11,Brisbane,686,40
2010,12,Woodside,1,1
2010,12,South San Franciscio,2,2
2010,12,Saratoga,1,1
2010,12,San Mateo,3,1
2010,12,San Francisco,31,7
2010,12,San Bruno,8,2
2010,12,Palo Alto,8,1
2010,12,Pacifica,1,1
2010,10,Woodside,1,1
2010,10,Walnut Creek,1,1
2010,10,South San Franciscio,5,2
2010,10,Saratoga,1,1
2010,10,Santa Cruz,1,1
2010,10,San Mateo,2,1
2010,10,San Francisco,84,15
2010,10,San Carlos,4,2
2010,10,San Bruno,2,2
2010,10,Redwood City,5,3
2009,2,South San Franciscio,7,4
2009,12,Woodside,2,1
2009,12,South San Franciscio,3,2
2009,12,San Mateo,1,1
2009,12,San Francisco,3,2
2009,12,San Carlos,3,3
2009,12,Pacifica,8,1
2009,12,Oakland,1,1
2009,12,Millbrae,2,2
2009,12,Menlo Park,2,2
2009,12,Foster City,11,3
2009,12,Daly City,64,4
2009,12,Brisbane,113,3
2009,12,Alameda,1,1
2009,11,South San Franciscio,5,3
2009,11,San Francisco,4,2
2009,11,San Carlos,7,1
2009,11,San Bruno,1,1
2009,11,Redwood City,7,2
2009,11,Portola Valley,2,1
2009,11,Palo Alto,4,1
2009,11,Pacifica,26,1
2009,11,Millbrae,4,2
2009,11,Menlo Park,1,1
2009,11,Los Altos,1,1
2009,11,Hillsborough,1,1
2009,11,Foster City,48,2
2009,11,Daly City,69,2
2009,11,Burlingame,1,1
2009,11,Brisbane,153,7
2009,10,South San Franciscio,6,3
2009,10,San Francisco,18,10
2009,10,San Carlos,36,3
2009,10,Redwood City,5,3
2009,10,Portola Valley,1,1
2009,10,Palo Alto,6,2
2009,10,Pacifica,61,2
2009,10,Millbrae,8,5
2009,10,Menlo Park,1,1
2009,10,Foster City,12,4
2009,10,Daly City,80,2
2009,10,Castro Valley,1,1
2009,10,Brisbane,330,10
2009,9,South San Franciscio,5,1
2009,9,San Francisco,7,7
2009,9,San Carlos,23,4
2009,9,San Bruno,3,2
2009,9,Redwood City,2,1
2009,9,Palo Alto,2,2
2009,9,Pacifica,39,1
2009,9,Millbrae,12,2
2009,9,Hayward,1,1
2009,9,Foster City,18,7
2009,9,Daly City,149,2
2009,9,Castro Valley,1,1
2009,9,Burlingame,2,1
2009,9,Brisbane,284,13
2009,8,Woodside,12,2
2009,8,San Mateo,4,3
2009,8,San Francisco,4,4
2009,8,San Carlos,12,3
2009,8,Redwood City,1,1
2009,8,Portola Valley,1,1
2009,8,Pacifica,22,2
2009,8,Millbrae,14,3
2009,8,Hillsborough,1,1
2009,8,Foster City,20,5
2009,8,Daly City,119,2
2009,8,Brisbane,374,7
2009,7,Woodside,5,1
2009,7,San Mateo,4,3
2009,7,San Francisco,3,3
2009,7,San Carlos,13,3
2009,7,San Bruno,2,2
2009,7,Redwood City,2,1
2009,7,Palo Alto,2,2
2009,7,Pacifica,50,3
2009,7,Millbrae,4,1
2009,7,Hillsborough,3,3
2009,7,Foster City,59,9
2009,7,Daly City,73,2
2009,7,Burlingame,2,2
2009,7,Brisbane,144,7
2009,6,Woodside,33,3
2009,6,San Mateo,1,1
2009,6,San Francisco,8,3
2009,6,San Carlos,20,3
2009,6,San Bruno,3,1
2009,6,Redwood City,24,2
2009,6,Palo Alto,8,3
2009,6,Pacifica,43,4
2009,6,Millbrae,10,2
2009,6,Menlo Park,2,1
2009,6,Hillsborough,3,2
2009,6,Foster City,33,10
2009,6,Daly City,130,2
2009,6,Brisbane,375,13
2009,5,Woodside,3,2
2009,5,South San Franciscio,1,1
2009,5,San Mateo,6,3
2009,5,San Francisco,9,8
2009,5,San Carlos,11,4
2009,5,San Bruno,5,2
2009,5,Redwood City,13,1
2009,5,Palo Alto,1,1
2009,5,Pacifica,34,1
2009,5,Millbrae,2,2
2009,5,Menlo Park,2,1
2009,5,Hillsborough,2,2
2009,5,Foster City,23,7
2009,5,Daly City,18,3
2009,5,Burlingame,5,3
2009,5,Brisbane,134,6
2009,5,Alameda,1,1
2009,4,Woodside,28,3
2009,4,San Francisco,9,8
2009,4,San Carlos,29,3
2009,4,San Bruno,6,3
2009,4,Redwood City,2,1
2009,4,Portola Valley,1,1
2009,4,Palo Alto,10,4
2009,4,Pacifica,64,4
2009,4,Oakland,4,3
2009,4,Mill Valley,2,1
2009,4,Menlo Park,1,1
2009,4,Foster City,13,5
2009,4,Danville,1,1
2009,4,Daly City,46,3
2009,4,Colma,13,1
2009,4,Brisbane,175,11
2009,4,Belmont,1,1
2009,3,Woodside,15,2
2009,3,South San Franciscio,2,2
2009,3,San Mateo,5,1
2009,3,San Francisco,36,4
2009,3,San Carlos,7,3
2009,3,San Bruno,1,1
2009,3,Redwood City,44,1
2009,3,Palo Alto,10,2
2009,3,Pacifica,35,2
2009,3,Oakland,3,1
2009,3,Millbrae,7,4
2009,3,Hillsborough,1,1
2009,3,Foster City,115,11
2009,3,El Cerrito,1,1
2009,3,Daly City,84,3
2009,3,Burlingame,11,6
2009,3,Brisbane,265,10
2009,2,Woodside,9,1
2009,2,Tiburon,3,1
2009,2,San Mateo,5,2
2009,2,San Francisco,43,4
2009,2,San Carlos,30,3
2009,2,Redwood City,33,2
2009,2,Palo Alto,6,2
2009,2,Novato,3,1
2009,2,Foster City,20,10
2009,2,Daly City,120,3
2009,2,Burlingame,1,1
2009,2,Brisbane,210,7
2009,2,Belmont,1,1
2009,1,Woodside,6,1
2009,1,South San Franciscio,6,2
2009,1,San Mateo,6,2
2009,1,San Francisco,2,2
2009,1,San Carlos,19,3
2009,1,San Bruno,7,3
2009,1,Redwood City,1,1
2009,1,Palo Alto,2,1
2009,1,Pacifica,1,1
2009,1,Millbrae,1,1
2009,1,Hillsborough,5,2
2009,1,Foster City,8,1
2009,1,Daly City,93,5
2009,1,Burlingame,1,1
2009,1,Brisbane,211,6
2008,12,Foster City,11,2
2008,12,Daly City,86,4
2008,12,Brisbane,221,10
2008,11,Woodside,8,1
2008,11,South San Franciscio,7,5
2008,11,San Francisco,25,11
2008,11,San Carlos,35,3
2008,11,San Bruno,2,2
2008,12,Menlo Park,1,1
2008,12,Palo Alto,4,3
2008,11,Redwood City,19,1
2008,11,Palo Alto,28,1
2008,11,Pacifica,11,1
2008,11,Millbrae,1,1
2008,11,Hillsborough,1,1
2008,11,Foster City,13,2
2008,11,Daly City,115,3
2008,11,Brisbane,519,9
2008,12,San Bruno,7,3
2008,11,Belmont,1,1
2008,10,Woodside,17,1
2008,10,Tiburon,4,2
2008,10,South San Franciscio,6,5
2008,10,San Mateo,1,1
2008,10,San Francisco,16,15
2008,10,San Carlos,62,3
2008,10,San Bruno,3,3
2008,10,Redwood City,22,2
2008,10,Palo Alto,7,3
2008,10,Pacifica,37,1
2008,10,Oakland,2,1
2008,10,Mill Valley,1,1
2008,10,Foster City,12,3
2008,10,Daly City,60,4
2008,12,San Carlos,97,3
2008,10,Burlingame,1,1
2008,10,Brisbane,517,18
2008,10,Alameda,4,1
2008,9,South San Franciscio,6,3
2008,9,San Mateo,2,2
2008,9,San Francisco,10,3
2008,9,San Carlos,83,2
2008,9,San Bruno,2,2
2008,9,Redwood City,2,1
2008,9,Portola Valley,1,1
2008,9,Palo Alto,22,4
2008,9,Pacifica,8,2
2008,9,Foster City,26,8
2008,9,Daly City,55,1
2008,12,San Francisco,4,4
2008,9,Burlingame,3,1
2008,9,Brisbane,422,11
2008,8,Woodside,11,4
2008,8,South San Franciscio,2,2
2008,8,San Mateo,1,1
2008,8,San Carlos,80,2
2008,8,San Bruno,1,1
2008,8,Redwood City,3,1
2008,8,Palo Alto,13,4
2008,8,Pacifica,27,2
2008,8,Foster City,97,11
2008,8,Daly City,11,3
2008,8,Burlingame,1,1
2008,8,Brisbane,294,11
2008,8,Alameda,2,1
2008,7,Woodside,1,1
2008,7,South San Franciscio,6,3
2008,7,San Mateo,1,1
2008,7,San Carlos,105,3
2008,7,San Bruno,7,4
2008,7,Redwood City,97,2
2008,7,Palo Alto,7,2
2008,7,Pacifica,30,1
2008,7,Menlo Park,1,1
2008,7,Foster City,27,3
2008,7,Daly City,50,1
2008,7,Burlingame,1,1
2008,12,San Mateo,2,1
2008,7,Brisbane,289,5
2008,6,Woodside,1,1
2008,6,South San Franciscio,11,3
2008,6,San Francisco,6,6
2008,6,San Carlos,94,3
2008,6,San Bruno,4,2
2008,6,Redwood City,40,2
2008,6,Portola Valley,2,1
2008,6,Palo Alto,6,2
2008,6,Pacifica,39,2
2008,6,Hillsborough,1,1
2008,6,Foster City,95,7
2008,6,Daly City,236,2
2008,6,Brisbane,219,6
2008,5,Woodside,1,1
2008,5,South San Franciscio,1,1
2008,5,San Francisco,12,3
2008,5,San Carlos,25,3
2008,5,San Bruno,3,3
2008,5,Redwood City,35,2
2008,5,Palo Alto,1,1
2008,5,Pacifica,44,5
2008,5,Foster City,5,4
2008,5,Daly City,36,4
2008,5,Burlingame,1,1
2008,5,Brisbane,356,10
2008,5,Alameda,2,1
2008,4,South San Franciscio,22,4
2008,4,San Mateo,1,1
2008,4,San Francisco,29,9
2008,4,San Carlos,5,2
2008,4,San Bruno,4,2
2008,4,Redwood City,66,1
2008,4,Palo Alto,23,1
2008,12,South San Franciscio,5,1
2008,4,Pacifica,38,2
2008,4,Foster City,3,3
2008,4,Daly City,140,2
2008,4,Burlingame,1,1
2008,4,Brisbane,338,9
2008,12,Woodside,27,1
2008,3,Woodside,1,1
2008,3,South San Franciscio,2,2
2008,3,Sausalito,1,1
2008,3,San Mateo,1,1
2008,3,San Francisco,19,3
2008,3,San Carlos,3,2
2008,3,San Bruno,8,4
2008,3,Redwood City,39,2
2008,3,Pacifica,71,2
2008,3,Millbrae,1,1
2008,3,Foster City,6,2
2008,3,Daly City,356,5
2008,3,Brisbane,321,9
2008,3,Belmont,1,1
2008,2,San Mateo,1,1
2008,2,San Francisco,4,2
2008,2,San Carlos,1,1
2008,2,San Bruno,2,1
2008,2,Redwood City,8,1
2008,2,Palo Alto,1,1
2008,2,Pacifica,1,1
2008,2,Millbrae,4,2
2008,2,Hillsborough,1,1
2008,2,Foster City,23,2
2008,2,Daly City,224,3
2008,2,Burlingame,8,5
2008,2,Brisbane,195,5
2008,2,Alameda,2,2
2008,1,South San Franciscio,2,2
2008,1,San Mateo,1,1
2008,1,San Francisco,21,7
2008,1,San Bruno,4,3
2008,1,Redwood City,1,1
2008,1,Palo Alto,1,1
2008,1,Montara,1,1
2008,1,Millbrae,1,1
2008,1,Foster City,1,1
2008,1,Fairfax,1,1
2008,1,Daly City,388,3
2008,1,Burlingame,5,3
2008,1,Brisbane,158,5
2008,1,Belmont,3,2
2007,5,Tiburon,2,1
2007,12,Woodside,4,1
2007,12,South San Franciscio,5,3
2007,12,San Mateo,2,2
2007,12,San Francisco,21,8
2007,12,Redwood City,19,1
2007,12,Palo Alto,2,2
2007,12,Pacifica,3,3
2007,12,Oakland,2,2
2007,12,Moss Beach,2,1
2007,12,Millbrae,3,2
2007,12,Foster City,5,5
2007,12,Daly City,156,1
2007,12,Burlingame,1,1
2007,12,Brisbane,290,7
2007,12,Alameda,2,1
2007,11,Woodside,1,1
2007,11,San Mateo,1,1
2007,11,San Francisco,24,10
2007,11,San Bruno,6,4
2007,11,Redwood City,51,2
2007,11,Pacifica,7,2
2007,11,Millbrae,3,2
2007,11,Foster City,11,5
2007,11,Daly City,144,3
2007,11,Burlingame,3,2
2007,11,Brisbane,473,8
2007,10,Woodside,5,2
2007,10,South San Franciscio,1,1
2007,10,San Francisco,43,18
2007,10,San Bruno,9,6
2007,10,Redwood City,58,1
2007,10,Portola Valley,11,3
2007,10,Pacifica,51,7
2007,10,Oakland,1,1
2007,10,Menlo Park,1,1
2007,10,Hillsborough,4,1
2007,10,Foster City,37,4
2007,10,Daly City,309,5
2007,10,Burlingame,4,3
2007,10,Brisbane,642,6
2007,10,Boulder Creek,5,1
2007,10,Alameda,4,1
2007,9,Woodside,2,1
2007,9,South San Franciscio,5,3
2007,9,San Mateo,1,1
2007,9,San Francisco,21,6
2007,9,San Carlos,4,1
2007,9,San Bruno,3,2
2007,9,Redwood City,46,3
2007,9,Palo Alto,1,1
2007,9,Pacifica,49,11
2007,9,Millbrae,3,1
2007,9,Menlo Park,3,2
2007,9,Hillsborough,22,2
2007,9,Foster City,52,5
2007,9,Daly City,110,2
2007,9,Burlingame,1,1
2007,9,Brisbane,577,8
2007,9,Alameda,1,1
2007,8,Woodside,6,2
2007,8,South San Franciscio,1,1
2007,8,San Mateo,3,1
2007,8,San Francisco,66,3
2007,8,San Bruno,2,2
2007,8,Redwood City,39,1
2007,8,Portola Valley,1,1
2007,8,Palo Alto,1,1
2007,8,Pacifica,75,5
2007,8,Oakland,1,1
2007,8,Millbrae,5,1
2007,8,Menlo Park,1,1
2007,8,Hillsborough,1,1
2007,8,Foster City,24,3
2007,8,Daly City,162,5
2007,8,Brisbane,398,6
2007,8,Alameda,2,1
2007,7,Woodside,1,1
2007,7,South San Franciscio,4,4
2007,7,San Mateo,1,1
2007,7,San Francisco,80,2
2007,7,San Bruno,6,2
2007,7,Redwood City,46,2
2007,7,Portola Valley,2,2
2007,7,Palo Alto,4,3
2007,7,Pacifica,30,5
2007,7,Menlo Park,1,1
2007,7,Los Altos,1,1
2007,7,Hillsborough,1,1
2007,7,Foster City,39,4
2007,7,Daly City,204,3
2007,7,Brisbane,313,7
2007,7,Alameda,1,1
2007,6,Woodside,3,1
2007,6,South San Franciscio,5,2
2007,6,Santa Clara,1,1
2007,6,San Mateo,3,1
2007,6,San Francisco,74,6
2007,6,San Bruno,16,4
2007,6,Redwood City,12,1
2007,6,Palo Alto,2,2
2007,6,Pacifica,25,3
2007,6,Oakland,1,1
2007,6,Foster City,14,4
2007,6,Daly City,14,2
2007,6,Burlingame,3,1
2007,6,Brisbane,258,6
2007,6,Alameda,3,1
2007,5,Woodside,9,1
2007,5,South San Franciscio,4,3
2007,5,San Mateo,3,2
2007,5,San Francisco,82,3
2007,5,San Bruno,5,4
2007,5,Redwood City,58,1
2007,5,Portola Valley,8,2
2007,5,Palo Alto,11,4
2007,5,Pacifica,69,3
2007,5,Mountain View,1,1
2007,5,Moss Beach,2,1
2007,5,Foster City,5,3
2007,5,Daly City,5,3
2007,5,Burlingame,2,1
2007,5,Brisbane,290,5
2007,5,Atherton,1,1
2007,5,Alameda,2,1
2007,4,Tiburon,3,1
2007,4,South San Franciscio,2,1
2007,4,San Mateo,5,5
2007,4,San Francisco,59,9
2007,4,San Bruno,4,3
2007,4,Redwood City,22,2
2007,4,Palo Alto,1,1
2007,4,Pacifica,36,3
2007,4,Millbrae,1,1
2007,4,Menlo Park,2,1
2007,4,Los Altos,1,1
2007,4,Foster City,3,2
2007,4,Daly City,1,1
2007,4,Burlingame,3,1
2007,4,Brisbane,323,5
2007,4,Alameda,1,1
2007,3,South San Franciscio,1,1
2007,3,San Mateo,4,2
2007,3,San Francisco,4,4
2007,3,San Bruno,13,4
2007,3,Redwood City,14,2
2007,3,Portola Valley,2,2
2007,3,Palo Alto,5,3
2007,3,Pacifica,39,7
2007,3,Millbrae,1,1
2007,3,Hillsborough,1,1
2007,3,Foster City,2,2
2007,3,Daly City,8,2
2007,3,Burlingame,2,2
2007,3,Brisbane,430,7
2007,3,Bolinas,1,1
2007,3,Belmont,42,1
2007,3,Alameda,3,1
2007,2,Woodside,3,1
2007,2,San Mateo,1,1
2007,2,San Francisco,9,5
2007,2,San Bruno,5,3
2007,2,Palo Alto,6,3
2007,2,Pacifica,21,1
2007,2,Millbrae,1,1
2007,2,Daly City,5,2
2007,2,Burlingame,5,3
2007,2,Brisbane,255,5
2007,2,Belmont,73,1
2007,2,Alameda,2,1
2007,1,South San Franciscio,3,3
2007,1,San Francisco,3,3
2007,1,San Bruno,9,2
2007,1,Portola Valley,1,1
2007,1,Palo Alto,14,2
2007,1,Pacifica,34,3
2007,1,Millbrae,1,1
2007,1,Foster City,1,1
2007,1,Daly City,50,4
2007,1,Brisbane,456,5
2007,1,Alameda,3,1
2006,12,Palo Alto,3,1
2006,12,Pacifica,10,1
2006,12,Menlo Park,1,1
2006,12,Lagunitas,1,1
2006,12,Hillsborough,1,1
2006,12,Foster City,1,1
2006,12,Daly City,4,2
2006,12,Burlingame,3,2
2006,12,Brisbane,304,6
2006,12,Belmont,2,1
2006,12,Alameda,4,1
2006,11,Woodside,2,1
2006,11,South San Franciscio,1,1
2006,11,San Mateo,1,1
2006,11,San Francisco,7,6
2006,11,San Carlos,1,1
2006,11,Redwood City,19,2
2006,5,San Bruno,7,4
2006,12,South San Franciscio,2,2
2006,12,San Mateo,2,1
2006,1,Atherton,174,1
2006,1,Belmont,1,1
2006,1,Brisbane,374,8
2006,1,Daly City,6,4
2006,1,Foster City,2,2
2006,1,Los Altos,1,1
2006,1,Millbrae,41,1
2006,1,Moraga,8,1
2006,1,Pacifica,4,1
2006,1,Palo Alto,2,1
2006,1,Portola Valley,5,1
2006,1,San Bruno,4,2
2006,1,San Carlos,3,2
2006,1,San Francisco,32,4
2006,1,South San Franciscio,3,2
2006,1,Sunnyvale,3,1
2006,1,Woodside,15,2
2006,2,Alameda,6,3
2006,2,Atherton,174,1
2006,2,Belmont,2,1
2006,2,Brisbane,384,5
2006,2,Burlingame,5,3
2006,2,Daly City,11,4
2006,2,Foster City,12,3
2006,2,Menlo Park,5,1
2006,2,Millbrae,24,5
2006,2,Montara,10,1
2006,2,Moraga,3,1
2006,2,Pacifica,5,1
2006,2,Palo Alto,3,2
2006,2,Portola Valley,1,1
2006,2,Redwood City,12,2
2006,2,San Bruno,5,2
2006,2,San Francisco,13,4
2006,2,San Mateo,5,1
2006,2,South San Franciscio,3,3
2006,3,Alameda,6,2
2006,3,Atherton,371,3
2006,3,Belmont,1,1
2006,3,Belvedere,1,1
2006,3,Brisbane,340,7
2006,3,Burlingame,1,1
2006,3,Daly City,31,2
2006,3,Foster City,45,2
2006,3,Millbrae,26,2
2006,3,Moraga,8,1
2006,3,Oakland,2,1
2006,3,Pacifica,6,4
2006,3,Portola Valley,5,1
2006,3,Redwood City,18,2
2006,3,San Bruno,1,1
2006,3,San Carlos,3,1
2006,3,San Francisco,62,10
2006,3,San Mateo,3,2
2006,3,South San Franciscio,16,6
2006,3,Tiburon,1,1
2006,3,Woodside,1,1
2006,4,Alameda,5,1
2006,4,Atherton,347,3
2006,4,Brisbane,515,12
2006,4,Burlingame,1,1
2006,4,Corte Madera,8,1
2006,4,Daly City,114,4
2006,4,Foster City,25,5
2006,4,Lagunitas,583,2
2006,4,Menlo Park,14,2
2006,4,Millbrae,1,1
2006,4,Moraga,20,1
2006,4,Novato,1,1
2006,4,Pacifica,2,1
2006,4,Palo Alto,5,3
2006,4,Redwood City,26,1
2006,4,San Bruno,4,3
2006,4,San Francisco,16,7
2006,4,San Mateo,8,3
2006,4,South San Franciscio,17,7
2006,4,Tiburon,3,1
2006,4,Woodside,3,1
2006,5,Alameda,3,1
2006,5,Atherton,156,2
2006,5,Brisbane,422,11
2006,5,Burlingame,7,2
2006,5,Daly City,107,3
2006,5,Discovery Bay,2,1
2006,5,Foster City,12,6
2006,5,Hayward,1,1
2006,5,Hillsborough,2,1
2006,5,Lafayette,1,1
2006,5,Millbrae,12,2
2006,5,Moraga,23,1
2006,5,Newark,2,1
2006,5,Palo Alto,3,2
2006,5,Portola Valley,4,1
2006,5,Redwood City,21,2
2006,5,San Anselmo,4,2
2006,11,Portola Valley,1,1
2006,11,Palo Alto,11,4
2006,11,Pacifica,11,8
2006,11,Menlo Park,1,1
2006,11,Foster City,2,2
2006,11,Daly City,8,2
2006,11,Burlingame,1,1
2006,11,Brisbane,652,10
2006,11,Belmont,1,1
2006,11,Alameda,3,1
2006,10,South San Franciscio,16,2
2006,10,San Mateo,4,2
2006,10,San Francisco,34,22
2006,10,San Bruno,13,4
2006,10,Redwood City,25,2
2006,10,Portola Valley,1,1
2006,10,Palo Alto,10,4
2006,10,Pacifica,21,2
2006,10,Millbrae,1,1
2006,10,Hillsborough,4,1
2006,10,Foster City,5,3
2006,10,Daly City,15,2
2006,10,Burlingame,3,3
2006,10,Brisbane,525,7
2006,10,Berkeley,1,1
2006,10,Belmont,32,1
2006,10,Alameda,3,1
2006,12,San Francisco,3,3
2006,9,Woodside,6,3
2006,9,San Mateo,4,3
2006,9,San Francisco,5,3
2006,9,San Bruno,15,2
2006,9,Redwood City,5,2
2006,9,Portola Valley,5,1
2006,9,Palo Alto,2,2
2006,9,Pacifica,4,3
2006,9,Foster City,24,1
2006,9,Burlingame,8,4
2006,9,Brisbane,464,7
2006,9,Belmont,79,1
2006,9,Alameda,3,1
2006,8,Woodside,4,1
2006,8,South San Franciscio,12,7
2006,8,Santa Rosa,1,1
2006,8,San Mateo,6,4
2006,8,San Francisco,1,1
2006,8,San Bruno,6,2
2006,8,Redwood City,19,2
2006,8,Piedmont,1,1
2006,12,San Bruno,19,2
2006,8,Pacifica,1,1
2006,8,Millbrae,1,1
2006,8,Menlo Park,1,1
2006,8,Foster City,24,1
2006,8,Daly City,5,2
2006,8,Burlingame,7,2
2006,8,Brisbane,330,8
2006,8,Belmont,20,1
2006,8,Atherton,88,2
2006,8,Alameda,3,1
2006,7,South San Franciscio,4,2
2006,7,San Mateo,9,6
2006,7,San Francisco,3,2
2006,7,San Bruno,16,3
2006,7,Redwood City,10,1
2006,7,Pacifica,4,3
2006,7,Millbrae,5,4
2006,7,Hillsborough,1,1
2006,7,Foster City,26,2
2006,7,Daly City,1,1
2006,7,Brisbane,295,6
2006,7,Belmont,25,2
2006,7,Atherton,270,1
2006,7,Alameda,2,1
2006,6,Woodside,5,1
2006,6,South San Franciscio,436,10
2006,6,San Mateo,65,12
2006,6,San Francisco,4,2
2006,6,San Bruno,6,4
2006,6,Redwood City,17,3
2006,6,Portola Valley,9,1
2006,6,Palo Alto,13,4
2006,6,Moraga,6,1
2006,6,Millbrae,59,2
2006,6,Menlo Park,2,2
2006,6,Los Altos,1,1
2006,6,Hillsborough,3,2
2006,6,Foster City,117,5
2006,6,Daly City,76,5
2006,6,Concord,1,1
2006,6,Burlingame,10,5
2006,6,Brisbane,257,8
2006,6,Atherton,179,3
2006,6,Alameda,4,1
2006,5,South San Franciscio,447,9
2006,5,Soquel,1,1
2006,5,San Mateo,12,4
2006,12,Redwood City,1,1
2006,5,San Francisco,12,8
2005,11,San Mateo,2,2
2005,1,Belmont,75,1
2005,1,Berkeley,8,1
2005,1,Brisbane,239,7
2005,1,Daly City,16,6
2005,1,El Granada,1,1
2005,1,Foster City,6,1
2005,1,Millbrae,2,1
2005,1,Oakland,2,1
2005,1,Pacifica,2,2
2005,1,Redwood City,19,1
2005,1,San Bruno,6,1
2005,1,San Carlos,1,1
2005,1,San Francisco,3,2
2005,1,San Mateo,1,1
2005,1,South San Franciscio,7,3
2005,2,Alameda,3,1
2005,2,Atherton,292,1
2005,2,Belmont,118,2
2005,2,Brisbane,317,16
2005,2,Burlingame,13,2
2005,2,Corte Madera,1,1
2005,2,Daly City,46,2
2005,2,Foster City,4,3
2005,2,Millbrae,1,1
2005,2,Oakland,3,1
2005,2,Pacifica,2,2
2005,2,Portola Valley,34,1
2005,2,Redwood City,3,2
2005,2,Richmond,2,1
2005,2,San Bruno,12,1
2005,2,San Carlos,3,1
2005,2,San Francisco,20,7
2005,2,San Mateo,1,1
2005,2,South San Franciscio,3,1
2005,2,Tiburon,2,1
2005,2,Woodside,12,1
2005,3,Alameda,3,1
2005,3,Atherton,279,2
2005,3,Berkeley,2,1
2005,3,Brisbane,150,13
2005,3,Burlingame,6,3
2005,3,Daly City,42,3
2005,3,Foster City,3,3
2005,3,Hillsborough,1,1
2005,3,Menlo Park,1,1
2005,3,Millbrae,5,3
2005,3,Mountain View,1,1
2005,3,Pacifica,2,2
2005,3,Palo Alto,1,1
2005,3,Portola Valley,57,1
2005,3,Redwood City,19,2
2005,3,San Bruno,24,2
2005,3,San Francisco,15,8
2005,3,San Mateo,2,1
2005,3,South San Franciscio,6,5
2005,3,Woodside,2,1
2005,4,Alameda,1,1
2005,4,Atherton,220,1
2005,4,Brisbane,183,9
2005,4,Daly City,101,2
2005,4,Foster City,2,1
2005,4,Lagunitas,4,1
2005,4,Menlo Park,7,1
2005,4,Millbrae,1,1
2005,4,Moss Beach,2,1
2005,4,Pacifica,22,3
2005,4,Palo Alto,3,1
2005,4,Portola Valley,120,1
2005,4,Redwood City,37,1
2005,4,San Anselmo,4,1
2005,4,San Bruno,9,4
2005,4,San Carlos,3,1
2005,4,San Francisco,12,6
2005,4,San Mateo,2,2
2005,4,South San Franciscio,5,4
2005,4,Woodside,12,1
2005,5,Atherton,266,1
2005,5,Belmont,2,2
2005,5,Berkeley,2,1
2005,5,Brisbane,196,15
2005,5,Burlingame,1,1
2005,5,Daly City,110,9
2005,5,Foster City,3,3
2005,5,Lagunitas,1279,3
2005,5,Los Altos,2,1
2005,5,Menlo Park,7,1
2005,5,Pacifica,30,9
2005,5,Palo Alto,8,5
2005,5,Portola Valley,3,2
2005,5,Redwood City,40,1
2005,5,San Bruno,8,3
2005,5,San Carlos,1,1
2005,5,San Francisco,3,3
2005,5,San Geronimo,1,1
2005,5,San Mateo,12,6
2005,5,South San Franciscio,4,3
2005,6,Alameda,5,1
2005,6,Atherton,201,2
2005,6,Belmont,1,1
2005,6,Brisbane,180,11
2005,6,Daly City,73,6
2005,6,Foster City,3,3
2005,6,Hillsborough,1,1
2005,6,Lagunitas,2,1
2005,6,Los Altos,3,2
2005,6,Millbrae,2,1
2005,6,Pacifica,24,8
2005,6,Palo Alto,6,3
2005,6,Redwood City,30,1
2005,6,San Bruno,16,3
2005,6,San Francisco,4,3
2005,6,San Mateo,52,5
2005,6,South San Franciscio,25,10
2005,7,Alameda,5,1
2005,7,Atherton,243,1
2005,7,Berkeley,1,1
2005,7,Brisbane,132,9
2005,7,Daly City,25,8
2005,7,Foster City,4,3
2005,7,Hayward,1,1
2005,7,Hillsborough,3,2
2005,7,Los Altos,1,1
2005,7,Los Gatos,2,1
2005,7,Menlo Park,1,1
2005,7,Millbrae,1,1
2005,7,Palo Alto,4,4
2005,7,Portola Valley,1,1
2005,7,Redwood City,28,2
2005,7,San Bruno,31,6
2005,7,San Francisco,1,1
2005,7,San Mateo,15,6
2005,7,South San Franciscio,17,7
2005,8,Alameda,7,1
2005,8,Atherton,100,1
2005,8,Berkeley,4,1
2005,8,Brisbane,251,7
2005,8,Burlingame,16,7
2005,8,Daly City,14,6
2005,8,Foster City,2,2
2005,8,Fremont,1,1
2005,8,Hillsborough,6,2
2005,8,Pacifica,2,1
2005,8,Palo Alto,8,3
2005,8,Redwood City,26,2
2005,8,San Bruno,5,3
2005,8,San Francisco,4,3
2005,8,San Mateo,14,6
2005,8,South San Franciscio,15,2
2005,9,Alameda,11,1
2005,9,Belmont,1,1
2005,9,Berkeley,3,1
2005,9,Brisbane,239,10
2005,9,Burlingame,3,2
2005,9,Daly City,32,4
2005,9,Foster City,2,2
2005,9,Hillsborough,1,1
2005,9,Millbrae,1,1
2005,9,Palo Alto,1,1
2005,9,Portola Valley,1,1
2005,9,Redwood City,64,1
2005,9,San Bruno,8,4
2005,9,San Francisco,2,1
2005,9,San Mateo,3,2
2005,9,South San Franciscio,35,3
2005,10,Alameda,5,1
2005,10,Brisbane,551,15
2005,10,Daly City,17,2
2005,10,Foster City,1,1
2005,10,Millbrae,7,2
2005,10,Pacifica,31,4
2005,10,Palo Alto,6,1
2005,10,Redwood City,26,1
2005,10,San Bruno,8,4
2005,10,San Francisco,27,18
2005,10,San Mateo,4,3
2005,10,South San Franciscio,7,5
2005,11,Alameda,2,1
2005,11,Atherton,64,1
2005,11,Brisbane,399,10
2005,11,Burlingame,1,1
2005,11,Daly City,5,2
2005,11,Foster City,2,1
2005,11,Los Altos,1,1
2005,11,Millbrae,11,3
2005,11,Pacifica,23,3
2005,11,Portola Valley,1,1
2005,11,Redwood City,33,1
2005,11,San Carlos,1,1
2005,11,San Francisco,8,2
2005,11,San Rafael,1,1
2005,11,South San Franciscio,7,3
2005,11,Woodside,1,1
2005,12,Alameda,8,2
2005,12,Atherton,176,1
2005,12,Belmont,1,1
2005,12,Brisbane,290,7
2005,12,Burlingame,2,1
2005,12,Daly City,4,2
2005,12,Foster City,2,2
2005,12,Millbrae,13,3
2005,12,Novato,3,1
2005,12,Pacifica,8,1
2005,12,Palo Alto,1,1
2005,12,Redwood City,14,3
2005,12,San Francisco,4,3
2005,12,San Rafael,7,1
2005,12,South San Franciscio,1,1
2005,12,Sunnyvale,1,1
2005,12,Tiburon,5,1
2005,1,Atherton,242,1
2005,1,Alameda,7,1
